ID,UUID,SKU,Cost Code,Cost Type,Category,Subcategory,Name,Description,Unit of Measure,Unit Cost,Unit Price,Gross Profit %,Item Type,Trade,Finish Level,Channel,Region,Waste Factor,Coastal Modifier,Channel Multiplier,Source,Is Admin Fee,Is Active,Taxable,Effective Date,Last Cost Updated,Created At,Updated At,Deleted At
1,6a0ac0cb-a391-453a-bf54-953be4be6937,APP-COO-0001,2300,,Appliances & Fixtures,2300,Cooktop - Electric (per EA),,Each,450.0000,950.0000,52.63,material,,standard,direct,charleston_metro,1.0000,1.0000,1.0000,jobtread_csv,No,Yes,Yes,,,2026-03-14 20:09:59,2026-03-14 20:09:59,
2,abb2939c-e2f2-43db-8db7-3751996291d7,APP-COO-0002,2300,,Appliances & Fixtures,2300,Cooktop - Gas (per EA),,Each,550.0000,1200.0000,54.17,material,,standard,direct,charleston_metro,1.0000,1.0000,1.0000,jobtread_csv,No,Yes,Yes,,,2026-03-14 20:09:59,2026-03-14 20:09:59,
3,95bbb8dd-3c8e-4467-b7f1-ea1c9d57e744,APP-DIS-0003,2300,,Appliances & Fixtures,2300,Dishwasher - Premium (per EA),,Each,850.0000,1450.0000,41.38,material,,standard,direct,charleston_metro,1.0000,1.0000,1.0000,jobtread_csv,No,Yes,Yes,,,2026-03-14 20:09:59,2026-03-14 20:09:59,
4,2f546fbc-3b02-4c56-8889-c39ed404687e,APP-DIS-0004,2300,,Appliances & Fixtures,2300,Dishwasher - Standard (per EA),,Each,450.0000,750.0000,40.00,material,,standard,direct,charleston_metro,1.0000,1.0000,1.0000,jobtread_csv,No,Yes,Yes,,,2026-03-14 20:09:59,2026-03-14 20:09:59,
5,ed134273-cd31-45d9-a8e9-5174859411f8,APP-DRY-0005,2300,,Appliances & Fixtures,2300,Dryer - Electric (per EA),,Each,450.0000,850.0000,47.06,material,,standard,direct,charleston_metro,1.0000,1.0000,1.0000,jobtread_csv,No,Yes,Yes,,,2026-03-14 20:09:59,2026-03-14 20:09:59,
6,98753c51-f0cc-400c-b851-23a23ecd50f8,APP-DRY-0006,2300,,Appliances & Fixtures,2300,Dryer - Gas (per EA),,Each,550.0000,950.0000,42.11,material,,standard,direct,charleston_metro,1.0000,1.0000,1.0000,jobtread_csv,No,Yes,Yes,,,2026-03-14 20:09:59,2026-03-14 20:09:59,
7,69db0745-8d82-42b4-8313-072c250ad02c,APP-MIC-0007,2300,,Appliances & Fixtures,2300,Microwave - Built-In (per EA),,Each,450.0000,850.0000,47.06,material,,standard,direct,charleston_metro,1.0000,1.0000,1.0000,jobtread_csv,No,Yes,Yes,,,2026-03-14 20:09:59,2026-03-14 20:09:59,
8,3c018dbe-7d63-43d5-9ff8-c6d6cc842184,APP-MIC-0008,2300,,Appliances & Fixtures,2300,Microwave - Over Range (per EA),,Each,285.0000,550.0000,48.18,material,,standard,direct,charleston_metro,1.0000,1.0000,1.0000,jobtread_csv,No,Yes,Yes,,,2026-03-14 20:09:59,2026-03-14 20:09:59,
9,943b7540-76ec-4dbd-869d-5b1cb8de9cc4,APP-RAN-0009,2300,,Appliances & Fixtures,2300,Range - Electric (per EA),,Each,550.0000,950.0000,42.11,material,,standard,direct,charleston_metro,1.0000,1.0000,1.0000,jobtread_csv,No,Yes,Yes,,,2026-03-14 20:10:00,2026-03-14 20:10:00,
10,5c86a7a1-94ba-463f-ac79-74265e3c3fa6,APP-RAN-0010,2300,,Appliances & Fixtures,2300,Range - Gas (per EA),,Each,650.0000,1200.0000,45.83,material,,standard,direct,charleston_metro,1.0000,1.0000,1.0000,jobtread_csv,No,Yes,Yes,,,2026-03-14 20:10:00,2026-03-14 20:10:00,
11,5d1bacf2-c987-44ca-a1f3-f5e1f07b931a,APP-RAN-0011,2300,,Appliances & Fixtures,2300,Range - Induction (per EA),,Each,1200.0000,2200.0000,45.45,material,,standard,direct,charleston_metro,1.0000,1.0000,1.0000,jobtread_csv,No,Yes,Yes,,,2026-03-14 20:10:00,2026-03-14 20:10:00,
12,dd559c32-477c-4bf9-92c9-ad7c7303a784,APP-REF-0012,2300,,Appliances & Fixtures,2300,Refrigerator - French Door (per EA),,Each,1500.0000,2500.0000,40.00,material,,standard,direct,charleston_metro,1.0000,1.0000,1.0000,jobtread_csv,No,Yes,Yes,,,2026-03-14 20:10:00,2026-03-14 20:10:00,
13,ed007fb7-50f6-46b1-b242-4cd491cc914e,APP-REF-0013,2300,,Appliances & Fixtures,2300,Refrigerator - Standard (per EA),,Each,850.0000,1307.6900,35.00,material,,standard,direct,charleston_metro,1.0000,1.0000,1.0000,jobtread_csv,No,Yes,Yes,,,2026-03-14 20:10:00,2026-03-14 20:10:00,
14,d8378f8d-2a6d-48b5-ac70-4970b491cdf5,APP-WAL-0014,2300,,Appliances & Fixtures,2300,Wall Oven - Double (per EA),,Each,1650.0000,2850.0000,42.11,material,,standard,direct,charleston_metro,1.0000,1.0000,1.0000,jobtread_csv,No,Yes,Yes,,,2026-03-14 20:10:00,2026-03-14 20:10:00,
15,b748d9ac-1789-4f05-a9ce-eee11ac9302a,APP-WAL-0015,2300,,Appliances & Fixtures,2300,Wall Oven - Single (per EA),,Each,950.0000,1850.0000,48.65,material,,standard,direct,charleston_metro,1.0000,1.0000,1.0000,jobtread_csv,No,Yes,Yes,,,2026-03-14 20:10:00,2026-03-14 20:10:00,
16,a7eb3718-edee-4c21-be38-3ba603f4a0ee,APP-WAS-0016,2300,,Appliances & Fixtures,2300,Washer - Premium (per EA),,Each,950.0000,1461.5400,35.00,material,,standard,direct,charleston_metro,1.0000,1.0000,1.0000,jobtread_csv,No,Yes,Yes,,,2026-03-14 20:10:00,2026-03-14 20:10:00,
17,5acc73e6-36e2-4475-baec-3ce13dd21b65,APP-WAS-0017,2300,,Appliances & Fixtures,2300,Washer - Standard (per EA),,Each,550.0000,950.0000,42.11,material,,standard,direct,charleston_metro,1.0000,1.0000,1.0000,jobtread_csv,No,Yes,Yes,,,2026-03-14 20:10:00,2026-03-14 20:10:00,
18,69402e71-c5d2-495e-9671-6d6674b10fd7,CAB-BAT-0018,1900,,Cabinetry & Millwork,1900,Bathroom Vanity - Custom (per LF),,Linear Feet,185.0000,385.0000,51.95,material,,standard,direct,charleston_metro,1.0000,1.0000,1.0000,jobtread_csv,No,Yes,Yes,,,2026-03-14 20:10:00,2026-03-14 20:10:00,
19,14b268bd-5010-4ea3-ba58-a5574c35bbfc,CAB-BAT-0019,1900,,Cabinetry & Millwork,1900,"""Bathroom Vanity - Stock 36"""" (per EA)""",,Each,285.0000,550.0000,48.18,material,,standard,direct,charleston_metro,1.0000,1.0000,1.0000,jobtread_csv,No,Yes,Yes,,,2026-03-14 20:10:00,2026-03-14 20:10:00,
20,30a259a4-8bce-47c3-9820-0452c694604b,CAB-CAB-0020,1900,,Cabinetry & Millwork,1900,Cabinet Crown Molding (per LF),,Linear Feet,12.0000,28.0000,57.14,material,,standard,direct,charleston_metro,1.0000,1.0000,1.0000,jobtread_csv,No,Yes,Yes,,,2026-03-14 20:10:00,2026-03-14 20:10:00,
21,f09d1252-a99f-42ad-a7e5-3d89afcc69e0,CAB-CAB-0021,1900,,Cabinetry & Millwork,1900,Cabinet Hardware (per EA),Knobs/pulls,Each,8.0000,25.0000,68.00,material,,standard,direct,charleston_metro,1.0000,1.0000,1.0000,jobtread_csv,No,Yes,Yes,,,2026-03-14 20:10:00,2026-03-14 20:10:00,
22,e32d2b2b-d682-4f96-99c0-2303122922e6,CAB-COU-0022,1900,,Cabinetry & Millwork,1900,Countertop - Butcher Block (per SF),,Square Feet,55.0000,95.0000,42.11,material,,standard,direct,charleston_metro,1.0000,1.0000,1.0000,jobtread_csv,No,Yes,Yes,,,2026-03-14 20:10:00,2026-03-14 20:10:00,
23,603f63d5-e152-403b-8308-15d0603c1181,CAB-COU-0023,1900,,Cabinetry & Millwork,1900,Countertop - Granite (per SF),,Square Feet,65.0000,125.0000,48.00,material,,standard,direct,charleston_metro,1.0000,1.0000,1.0000,jobtread_csv,No,Yes,Yes,,,2026-03-14 20:10:00,2026-03-14 20:10:00,
24,9b7f515a-8e66-4d04-bedb-17653baaa022,CAB-COU-0024,1900,,Cabinetry & Millwork,1900,Countertop - Laminate (per SF),,Square Feet,25.0000,55.0000,54.55,material,,standard,direct,charleston_metro,1.0000,1.0000,1.0000,jobtread_csv,No,Yes,Yes,,,2026-03-14 20:10:00,2026-03-14 20:10:00,
25,a3ec8b57-46ef-465f-8407-14e162be6e62,CAB-COU-0025,1900,,Cabinetry & Millwork,1900,Countertop - Marble (per SF),,Square Feet,95.0000,185.0000,48.65,material,,standard,direct,charleston_metro,1.0000,1.0000,1.0000,jobtread_csv,No,Yes,Yes,,,2026-03-14 20:10:00,2026-03-14 20:10:00,
26,4e1d86a1-5e82-4fde-8ff3-4008ea0aa929,CAB-COU-0026,1900,,Cabinetry & Millwork,1900,Countertop - Quartz (per SF),,Square Feet,75.0000,145.0000,48.28,material,,standard,direct,charleston_metro,1.0000,1.0000,1.0000,jobtread_csv,No,Yes,Yes,,,2026-03-14 20:10:00,2026-03-14 20:10:00,
27,0430e935-bef9-4c2d-9301-8b791f792310,CAB-COU-0027,1900,,Cabinetry & Millwork,1900,Countertop - Solid Surface (per SF),,Square Feet,55.0000,95.0000,42.11,material,,standard,direct,charleston_metro,1.0000,1.0000,1.0000,jobtread_csv,No,Yes,Yes,,,2026-03-14 20:10:00,2026-03-14 20:10:00,
28,26ba7227-421f-4eff-9585-0e5cd6977ceb,CAB-KIT-0028,1900,,Cabinetry & Millwork,1900,Kitchen Cabinets - Custom (per LF),,Linear Feet,450.0000,750.0000,40.00,material,,standard,direct,charleston_metro,1.0000,1.0000,1.0000,jobtread_csv,No,Yes,Yes,,,2026-03-14 20:10:00,2026-03-14 20:10:00,
29,c4fddbef-0091-40d8-87e8-4f85662a798c,CAB-KIT-0029,1900,,Cabinetry & Millwork,1900,Kitchen Cabinets - Semi-Custom (per LF),,Linear Feet,285.0000,450.0000,36.67,material,,standard,direct,charleston_metro,1.0000,1.0000,1.0000,jobtread_csv,No,Yes,Yes,,,2026-03-14 20:10:00,2026-03-14 20:10:00,
30,23f4d5f0-ef10-487e-868f-a56d40ed3537,CAB-KIT-0030,1900,,Cabinetry & Millwork,1900,Kitchen Cabinets - Stock (per LF),Box store quality,Linear Feet,125.0000,250.0000,50.00,material,,standard,direct,charleston_metro,1.0000,1.0000,1.0000,jobtread_csv,No,Yes,Yes,,,2026-03-14 20:10:00,2026-03-14 20:10:00,
31,409f3b10-9cee-4919-b893-eeaa76d3a25b,CAB-PAN-0031,1900,,Cabinetry & Millwork,1900,Pantry Shelving System (per EA),,Each,285.0000,650.0000,56.15,material,,standard,direct,charleston_metro,1.0000,1.0000,1.0000,jobtread_csv,No,Yes,Yes,,,2026-03-14 20:10:00,2026-03-14 20:10:00,
32,986c8d62-9b45-403d-bd28-55af15b52c07,DOO-DOO-0032,1500,,Doors & Windows,1500,Door Hardware - Coastal Grade SS316 (per SET),Required salt-air environments longevity,Each,185.0000,285.0000,35.09,material,,standard,direct,charleston_metro,1.0000,1.0000,1.0000,jobtread_csv,No,Yes,Yes,,,2026-03-14 20:10:00,2026-03-14 20:10:00,
33,e86b1518-2015-4c1a-8da7-d8bdb3cd2e82,DOO-EXT-0033,1500,,Doors & Windows,1500,Exterior Entry Door - Impact Fiberglass (per EA),IRC R302.1; Wind-Borne Debris; Preferred salt-air,Each,1200.0000,1846.1500,35.00,material,,standard,direct,charleston_metro,1.0000,1.0000,1.0000,jobtread_csv,No,Yes,Yes,,,2026-03-14 20:10:00,2026-03-14 20:10:00,
34,fdd5ceb8-aa3c-4936-83df-694c617b7534,DOO-EXT-0034,1500,,Doors & Windows,1500,Exterior Entry Door - Impact Steel (per EA),IRC R302.1; Wind-Borne Debris,Each,850.0000,1307.6900,35.00,material,,standard,direct,charleston_metro,1.0000,1.0000,1.0000,jobtread_csv,No,Yes,Yes,,,2026-03-14 20:10:00,2026-03-14 20:10:00,
35,382be158-e7e0-48fb-bd77-581dabde725c,DOO-FRE-0035,1500,,Doors & Windows,1500,French Door - Impact DP50 (per EA),IRC R308; Wind-Borne Debris,Each,2200.0000,3384.6200,35.00,material,,standard,direct,charleston_metro,1.0000,1.0000,1.0000,jobtread_csv,No,Yes,Yes,,,2026-03-14 20:10:00,2026-03-14 20:10:00,
36,d72cf975-3715-4363-baf1-d6e600b59e97,DOO-GAR-0036,1500,,Doors & Windows,1500,Garage Door - Impact Rated 16x7 (per EA),IRC R302.5; Wind-Borne Debris; REQUIRED coastal,Each,1850.0000,2846.1500,35.00,material,,standard,direct,charleston_metro,1.0000,1.0000,1.0000,jobtread_csv,No,Yes,Yes,,,2026-03-14 20:10:00,2026-03-14 20:10:00,
37,447683cb-e50f-4052-81a4-1b1ad6e2c927,DOO-GAR-0037,1500,,Doors & Windows,1500,Garage Door - Impact Rated 18x7 (per EA),IRC R302.5; Larger opening impact rated,Each,2150.0000,3307.6900,35.00,material,,standard,direct,charleston_metro,1.0000,1.0000,1.0000,jobtread_csv,No,Yes,Yes,,,2026-03-14 20:10:00,2026-03-14 20:10:00,
38,efe63102-34e2-40b3-8de6-76dc8b9d0c7e,DOO-GAR-0038,1500,,Doors & Windows,1500,Garage Door - Wind Load Reinforcement Kit (per EA),IRC R302.5; Retrofit existing non-impact doors,Each,285.0000,450.0000,36.67,material,,standard,direct,charleston_metro,1.0000,1.0000,1.0000,jobtread_csv,No,Yes,Yes,,,2026-03-14 20:10:00,2026-03-14 20:10:00,
39,7e35568f-1360-4209-9e39-d35effba72ce,DOO-HUR-0039,1500,,Doors & Windows,1500,Hurricane Shutters - Accordion (per SF),IRC R301.2.1.2; NFIP/insurance accepted alternative,Square Feet,28.0000,43.0800,35.00,material,,standard,direct,charleston_metro,1.0000,1.0000,1.0000,jobtread_csv,No,Yes,Yes,,,2026-03-14 20:10:00,2026-03-14 20:10:00,
40,5d1b3d30-4679-42a4-a814-0745a6786db2,DOO-HUR-0040,1500,,Doors & Windows,1500,Hurricane Shutters - Bahama (per SF),IRC R301.2.1.2; Decorative and functional,Square Feet,35.0000,53.8500,35.00,material,,standard,direct,charleston_metro,1.0000,1.0000,1.0000,jobtread_csv,No,Yes,Yes,,,2026-03-14 20:10:00,2026-03-14 20:10:00,
41,8713ddc6-37b4-4433-9508-4dfaf5565035,DOO-HUR-0041,1500,,Doors & Windows,1500,Hurricane Shutters - Colonial (per SF),IRC R301.2.1.2; Traditional Charleston aesthetic,Square Feet,38.0000,58.4600,35.00,material,,standard,direct,charleston_metro,1.0000,1.0000,1.0000,jobtread_csv,No,Yes,Yes,,,2026-03-14 20:10:00,2026-03-14 20:10:00,
42,81baec0f-7adf-435d-817b-9b6827c5a92a,DOO-HUR-0042,1500,,Doors & Windows,1500,Hurricane Shutters - Panel (per EA),IRC R301.2.1.2; Most economical protection,Each,185.0000,284.6200,35.00,material,,standard,direct,charleston_metro,1.0000,1.0000,1.0000,jobtread_csv,No,Yes,Yes,,,2026-03-14 20:10:00,2026-03-14 20:10:00,
43,99026291-dec7-4f4b-934b-ced30b6e1281,DOO-HUR-0043,1500,,Doors & Windows,1500,Hurricane Shutters - Roll-Down (per SF),IRC R301.2.1.2; Premium motorized option,Square Feet,45.0000,69.2300,35.00,material,,standard,direct,charleston_metro,1.0000,1.0000,1.0000,jobtread_csv,No,Yes,Yes,,,2026-03-14 20:10:00,2026-03-14 20:10:00,
44,f057b743-75eb-42e7-b5df-5e62fbf84f87,DOO-SKY-0044,1500,,Doors & Windows,1500,Skylight - Fixed (per EA),IRC R308.6; Curb-mounted preferred coastal,Each,650.0000,1000.0000,35.00,material,,standard,direct,charleston_metro,1.0000,1.0000,1.0000,jobtread_csv,No,Yes,Yes,,,2026-03-14 20:10:00,2026-03-14 20:10:00,
45,421aa20d-ba3e-4d52-bd9a-15b3c7b2a530,DOO-SKY-0045,1500,,Doors & Windows,1500,Skylight - Venting (per EA),IRC R308.6,Each,950.0000,1461.5400,35.00,material,,standard,direct,charleston_metro,1.0000,1.0000,1.0000,jobtread_csv,No,Yes,Yes,,,2026-03-14 20:10:00,2026-03-14 20:10:00,
46,e6da224a-f9b7-4db6-831f-421ac1794fb0,DOO-SLI-0046,1500,,Doors & Windows,1500,Sliding Glass Door - Impact DP50 (per EA),IRC R308; Wind-Borne Debris; REQUIRED coastal,Each,1850.0000,2846.1500,35.00,material,,standard,direct,charleston_metro,1.0000,1.0000,1.0000,jobtread_csv,No,Yes,Yes,,,2026-03-14 20:10:00,2026-03-14 20:10:00,
47,69942f17-ab16-4af5-b9fa-c4085a43928e,DOO-SLI-0047,1500,,Doors & Windows,1500,Sliding Glass Door - Impact DP65 (per EA),IRC R308; Higher exposure barrier islands,Each,2250.0000,3461.5400,35.00,material,,standard,direct,charleston_metro,1.0000,1.0000,1.0000,jobtread_csv,No,Yes,Yes,,,2026-03-14 20:10:00,2026-03-14 20:10:00,
48,30e74ff4-506b-4bac-bd19-107df203f2a1,DOO-WIN-0048,1500,,Doors & Windows,1500,Window - Egress (per EA),IRC R310; Required sleeping rooms min 5.7 SF opening,Each,550.0000,846.1500,35.00,material,,standard,direct,charleston_metro,1.0000,1.0000,1.0000,jobtread_csv,No,Yes,Yes,,,2026-03-14 20:10:00,2026-03-14 20:10:00,
49,1c22d496-1436-4a65-a0ab-23193e1c202b,DOO-WIN-0049,1500,,Doors & Windows,1500,Window - Impact Resistant Casement (per EA),IRC R308; Wind-Borne Debris,Each,525.0000,807.6900,35.00,material,,standard,direct,charleston_metro,1.0000,1.0000,1.0000,jobtread_csv,No,Yes,Yes,,,2026-03-14 20:10:00,2026-03-14 20:10:00,
50,43b5b78b-f5e2-4d60-a7d4-1b8d04db30c3,DOO-WIN-0050,1500,,Doors & Windows,1500,Window - Impact Resistant Double-Hung (per EA),IRC R308; R301.2.1.2; REQUIRED wind-borne debris region DP50+,Each,485.0000,746.1500,35.00,material,,standard,direct,charleston_metro,1.0000,1.0000,1.0000,jobtread_csv,No,Yes,Yes,,,2026-03-14 20:10:00,2026-03-14 20:10:00,
51,9766d760-ec20-4699-b470-abf049a3080b,DOO-WIN-0051,1500,,Doors & Windows,1500,Window - Impact Resistant Double-Hung DP65 (per EA),IRC R308; DP65 higher exposure coastal,Each,585.0000,900.0000,35.00,material,,standard,direct,charleston_metro,1.0000,1.0000,1.0000,jobtread_csv,No,Yes,Yes,,,2026-03-14 20:10:00,2026-03-14 20:10:00,
52,102933b1-cb32-4315-91d8-1615f974b647,DOO-WIN-0052,1500,,Doors & Windows,1500,Window - Impact Resistant Picture (per EA),IRC R308; Wind-Borne Debris,Each,450.0000,692.3100,35.00,material,,standard,direct,charleston_metro,1.0000,1.0000,1.0000,jobtread_csv,No,Yes,Yes,,,2026-03-14 20:10:00,2026-03-14 20:10:00,
53,b00e1816-a8c2-4c10-968b-e7e0d8b11c78,DOO-WIN-0053,1500,,Doors & Windows,1500,Window - Impact Resistant Slider DP50 (per EA),IRC R308; Horizontal slider impact rated,Each,495.0000,761.5400,35.00,material,,standard,direct,charleston_metro,1.0000,1.0000,1.0000,jobtread_csv,No,Yes,Yes,,,2026-03-14 20:10:00,2026-03-14 20:10:00,
54,8befa0d5-25c5-48f0-a17b-2467c50e9b45,DOO-WIN-0054,1500,,Doors & Windows,1500,Window - Standard Double-Hung (non-coastal) (per EA),IRC R308; Areas NOT in wind-borne debris region,Each,285.0000,450.0000,36.67,material,,standard,direct,charleston_metro,1.0000,1.0000,1.0000,jobtread_csv,No,Yes,Yes,,,2026-03-14 20:10:00,2026-03-14 20:10:00,
55,ba3f7f64-2a40-4669-aa0d-20d404a9fbe1,DOO-WIN-0055,1500,,Doors & Windows,1500,Window Flashing - Sill Pan (per EA),ASTM E2112; Critical moisture management,Each,35.0000,65.0000,46.15,material,,standard,direct,charleston_metro,1.0000,1.0000,1.0000,jobtread_csv,No,Yes,Yes,,,2026-03-14 20:10:00,2026-03-14 20:10:00,
56,d7ab4a5c-8eaf-49c8-928f-9e8d442af690,DOO-WIN-0056,1500,,Doors & Windows,1500,Window Trim - Exterior PVC (per LF),NAHB Standards,Linear Feet,4.5000,8.0000,43.75,material,,standard,direct,charleston_metro,1.0000,1.0000,1.0000,jobtread_csv,No,Yes,Yes,,,2026-03-14 20:10:00,2026-03-14 20:10:00,
57,4812ca02-108a-4bec-8ec4-e508b61c3a2f,DRY-CEI-0057,1400,,Drywall & Plaster,1400,Ceiling - Beadboard (per SF),,Square Feet,3.5000,6.5000,46.15,material,,standard,direct,charleston_metro,1.0000,1.0000,1.0000,jobtread_csv,No,Yes,Yes,,,2026-03-14 20:10:00,2026-03-14 20:10:00,
58,1a64510c-20c8-4923-aa0b-4e9cf1da20da,DRY-CEI-0058,1400,,Drywall & Plaster,1400,Ceiling - Coffered (per SF),,Square Feet,8.5000,20.5000,58.54,material,,standard,direct,charleston_metro,1.0000,1.0000,1.0000,jobtread_csv,No,Yes,Yes,,,2026-03-14 20:10:00,2026-03-14 20:10:00,
59,d7c548ec-363b-43f8-acbd-e621d7c8d2fc,DRY-CEI-0059,1400,,Drywall & Plaster,1400,Ceiling - Shiplap (per SF),,Square Feet,4.5000,8.0000,43.75,material,,standard,direct,charleston_metro,1.0000,1.0000,1.0000,jobtread_csv,No,Yes,Yes,,,2026-03-14 20:10:00,2026-03-14 20:10:00,
60,4d19882d-20c2-47d5-951a-b42600bf9098,DRY-CEI-0060,1400,,Drywall & Plaster,1400,Ceiling - Smooth Finish (per SF),Level 4,Square Feet,0.5500,3.0500,81.97,material,,standard,direct,charleston_metro,1.0000,1.0000,1.0000,jobtread_csv,No,Yes,Yes,,,2026-03-14 20:10:00,2026-03-14 20:10:00,
61,c104bc55-8b64-4d39-956e-14b3d42dda72,DRY-CEI-0061,1400,,Drywall & Plaster,1400,Ceiling - Tray (per LF),Perimeter framing,Linear Feet,18.0000,43.0000,58.14,material,,standard,direct,charleston_metro,1.0000,1.0000,1.0000,jobtread_csv,No,Yes,Yes,,,2026-03-14 20:10:00,2026-03-14 20:10:00,
62,b81b7795-c9aa-490f-8675-f643f6f29b81,DRY-CEI-0062,1400,,Drywall & Plaster,1400,Ceiling - Vaulted (per SF),,Square Feet,0.7500,4.2500,82.35,material,,standard,direct,charleston_metro,1.0000,1.0000,1.0000,jobtread_csv,No,Yes,Yes,,,2026-03-14 20:10:00,2026-03-14 20:10:00,
63,7651d6f1-26b4-47ff-b92d-fa6699951f81,DRY-DRY-0063,1400,,Drywall & Plaster,1400,"""Drywall - 1/2"""" Moisture Resistant (per SF)""",ASTM C1396; Purple/green board,Square Feet,0.8500,3.1000,72.58,material,,standard,direct,charleston_metro,1.0000,1.0000,1.0000,jobtread_csv,No,Yes,Yes,,,2026-03-14 20:10:01,2026-03-14 20:10:01,
64,1f819e31-15f2-4db5-9118-868399013e45,DRY-DRY-0064,1400,,Drywall & Plaster,1400,"""Drywall - 1/2"""" Standard (per SF)""",ASTM C1396; Level 4 finish,Square Feet,0.5500,2.8000,80.36,material,,standard,direct,charleston_metro,1.0000,1.0000,1.0000,jobtread_csv,No,Yes,Yes,,,2026-03-14 20:10:01,2026-03-14 20:10:01,
65,5b689abc-f0ba-4725-8f00-8a7d6c7ff2f3,DRY-DRY-0065,1400,,Drywall & Plaster,1400,"""Drywall - 5/8"""" Type X Fire-Rated (per SF)""",ASTM C1396; IRC R302,Square Feet,0.7500,3.0000,75.00,material,,standard,direct,charleston_metro,1.0000,1.0000,1.0000,jobtread_csv,No,Yes,Yes,,,2026-03-14 20:10:01,2026-03-14 20:10:01,
66,a70eadd3-e4cf-4235-8b9d-52a1e8213ad1,DRY-DRY-0066,1400,,Drywall & Plaster,1400,"""Drywall - Cement Board 1/2"""" (per SF)""",ASTM C1288; Tile substrate,Square Feet,1.2500,3.7500,66.67,material,,standard,direct,charleston_metro,1.0000,1.0000,1.0000,jobtread_csv,No,Yes,Yes,,,2026-03-14 20:10:01,2026-03-14 20:10:01,
67,4932f5c4-57d4-47a6-9d33-a292d593be4d,DRY-DRY-0067,1400,,Drywall & Plaster,1400,Drywall - Level 5 Finish (per SF),Level 5 skim coat high-gloss,Square Feet,0.5500,4.0500,86.42,material,,standard,direct,charleston_metro,1.0000,1.0000,1.0000,jobtread_csv,No,Yes,Yes,,,2026-03-14 20:10:01,2026-03-14 20:10:01,
68,60a261c0-4dc4-4bb1-afaf-c9efbbad2508,DRY-DRY-0068,1400,,Drywall & Plaster,1400,Drywall - Mold Resistant (per SF),ASTM D3273; Recommended coastal humidity,Square Feet,0.9500,3.2500,70.77,material,,standard,direct,charleston_metro,1.0000,1.0000,1.0000,jobtread_csv,No,Yes,Yes,,,2026-03-14 20:10:01,2026-03-14 20:10:01,
69,b56cb955-03ea-47f6-b7d0-cd05d0cb89e1,ELE-AFC-0069,1000,,Electrical,1000,AFCI Breaker (per EA),NEC 210.12; Arc-fault protection,Each,45.0000,80.0000,43.75,material,,standard,direct,charleston_metro,1.0000,1.0000,1.0000,jobtread_csv,No,Yes,Yes,,,2026-03-14 20:10:01,2026-03-14 20:10:01,
70,91b5c407-9f4f-4ef3-9dfb-43e38b8bbf8e,ELE-CAR-0070,1000,,Electrical,1000,Carbon Monoxide Detector - Hardwired (per EA),IRC R315; Battery backup,Each,45.0000,100.0000,55.00,material,,standard,direct,charleston_metro,1.0000,1.0000,1.0000,jobtread_csv,No,Yes,Yes,,,2026-03-14 20:10:01,2026-03-14 20:10:01,
71,2f6e653b-dc4b-41ce-a2b6-3cca62aa0bad,ELE-CEI-0071,1000,,Electrical,1000,Ceiling Fan - Outdoor Rated (per EA),Salt-air resistant coastal,Each,285.0000,550.0000,48.18,material,,standard,direct,charleston_metro,1.0000,1.0000,1.0000,jobtread_csv,No,Yes,Yes,,,2026-03-14 20:10:01,2026-03-14 20:10:01,
72,81221510-6bb5-4073-bb94-689f2b85a723,ELE-CEI-0072,1000,,Electrical,1000,Ceiling Fan - Premium (per EA),,Each,385.0000,750.0000,48.67,material,,standard,direct,charleston_metro,1.0000,1.0000,1.0000,jobtread_csv,No,Yes,Yes,,,2026-03-14 20:10:01,2026-03-14 20:10:01,
73,9301fe3b-bf1c-4dcb-a092-da27a710d971,ELE-CEI-0073,1000,,Electrical,1000,Ceiling Fan - Standard (per EA),,Each,185.0000,385.0000,51.95,material,,standard,direct,charleston_metro,1.0000,1.0000,1.0000,jobtread_csv,No,Yes,Yes,,,2026-03-14 20:10:01,2026-03-14 20:10:01,
74,e2b4fa7c-93c5-4d73-9c2b-d31c28a5c902,ELE-CHA-0074,1000,,Electrical,1000,Chandelier - Premium (per EA),,Each,650.0000,1500.0000,56.67,material,,standard,direct,charleston_metro,1.0000,1.0000,1.0000,jobtread_csv,No,Yes,Yes,,,2026-03-14 20:10:01,2026-03-14 20:10:01,
75,0e38904f-d19e-4a70-84fa-ab56dcc2139f,ELE-CHA-0075,1000,,Electrical,1000,Chandelier - Standard (per EA),,Each,285.0000,650.0000,56.15,material,,standard,direct,charleston_metro,1.0000,1.0000,1.0000,jobtread_csv,No,Yes,Yes,,,2026-03-14 20:10:01,2026-03-14 20:10:01,
76,5f13d1f0-75b0-4cc2-9c27-8d1b42df2733,ELE-DIM-0076,1000,,Electrical,1000,Dimmer Switch (per EA),,Each,35.0000,85.0000,58.82,material,,standard,direct,charleston_metro,1.0000,1.0000,1.0000,jobtread_csv,No,Yes,Yes,,,2026-03-14 20:10:01,2026-03-14 20:10:01,
77,5754cf95-152a-4f2b-8edd-190c8a0af767,ELE-ELE-0077,1000,,Electrical,1000,Electrical Service - 200A Underground (per EA),NEC; 200A standard residential,Each,850.0000,2050.0000,58.54,material,,standard,direct,charleston_metro,1.0000,1.0000,1.0000,jobtread_csv,No,Yes,Yes,,,2026-03-14 20:10:01,2026-03-14 20:10:01,
78,f4b4ce99-e439-40b0-8dbd-3b1b27c73e13,ELE-ELE-0078,1000,,Electrical,1000,Electrical Service - 400A Underground (per EA),NEC; Larger homes,Each,1500.0000,3300.0000,54.55,material,,standard,direct,charleston_metro,1.0000,1.0000,1.0000,jobtread_csv,No,Yes,Yes,,,2026-03-14 20:10:01,2026-03-14 20:10:01,
79,c9b6b66d-c78b-46dd-b1ab-aa980578f182,ELE-EVC-0079,1000,,Electrical,1000,EV Charger Rough-In - Level 2 (per EA),NEC; 240V/50A circuit,Each,85.0000,270.0000,68.52,material,,standard,direct,charleston_metro,1.0000,1.0000,1.0000,jobtread_csv,No,Yes,Yes,,,2026-03-14 20:10:01,2026-03-14 20:10:01,
80,2270b4a0-5195-4ecb-9895-780f18c5adfe,ELE-EXT-0080,1000,,Electrical,1000,Exterior Light - Post (per EA),,Each,185.0000,450.0000,58.89,material,,standard,direct,charleston_metro,1.0000,1.0000,1.0000,jobtread_csv,No,Yes,Yes,,,2026-03-14 20:10:01,2026-03-14 20:10:01,
81,ee81d4af-01ad-4869-931f-7800d8f4ebaf,ELE-EXT-0081,1000,,Electrical,1000,Exterior Light - Wall Mount (per EA),,Each,85.0000,250.0000,66.00,material,,standard,direct,charleston_metro,1.0000,1.0000,1.0000,jobtread_csv,No,Yes,Yes,,,2026-03-14 20:10:01,2026-03-14 20:10:01,
82,121c41c4-120b-4f38-970e-996077caa1c8,ELE-GEN-0082,1000,,Electrical,1000,Generator Transfer Switch - Automatic (per EA),NEC; Standby generator,Each,850.0000,1500.0000,43.33,material,,standard,direct,charleston_metro,1.0000,1.0000,1.0000,jobtread_csv,No,Yes,Yes,,,2026-03-14 20:10:01,2026-03-14 20:10:01,
83,7e4eb77c-8539-4116-9ec1-e50e5e36d0bd,ELE-GEN-0083,1000,,Electrical,1000,Generator Transfer Switch - Manual (per EA),NEC; Portable generator connection,Each,285.0000,635.0000,55.12,material,,standard,direct,charleston_metro,1.0000,1.0000,1.0000,jobtread_csv,No,Yes,Yes,,,2026-03-14 20:10:01,2026-03-14 20:10:01,
84,2b161b1b-543e-403c-816a-4f485ee2b3ef,ELE-GFC-0084,1000,,Electrical,1000,GFCI Outlet - Rough-In (per EA),NEC 210.8; Required locations,Each,18.0000,63.0000,71.43,material,,standard,direct,charleston_metro,1.0000,1.0000,1.0000,jobtread_csv,No,Yes,Yes,,,2026-03-14 20:10:01,2026-03-14 20:10:01,
85,a0e065a6-1d08-4f2a-8f4d-74ec215be46e,ELE-LAN-0085,1000,,Electrical,1000,Landscape Lighting (per EA),,Each,65.0000,165.0000,60.61,material,,standard,direct,charleston_metro,1.0000,1.0000,1.0000,jobtread_csv,No,Yes,Yes,,,2026-03-14 20:10:01,2026-03-14 20:10:01,
86,e1633420-4700-43b8-8433-ec1b3d32073a,ELE-LIG-0086,1000,,Electrical,1000,Lightning Protection System (per EA),NFPA 780; Recommended coastal structures,Each,1850.0000,3500.0000,47.14,material,,standard,direct,charleston_metro,1.0000,1.0000,1.0000,jobtread_csv,No,Yes,Yes,,,2026-03-14 20:10:01,2026-03-14 20:10:01,
87,6c8aab22-6421-4aa6-b1ae-04381dde02f4,ELE-LOW-0087,1000,,Electrical,1000,Low Voltage Rough-In - Data/AV (per EA),"""Cat6, coax, low-voltage per room""",Each,25.0000,90.0000,72.22,material,,standard,direct,charleston_metro,1.0000,1.0000,1.0000,jobtread_csv,No,Yes,Yes,,,2026-03-14 20:10:01,2026-03-14 20:10:01,
88,c61e15cd-6948-43c5-8736-d340d8ee1e6d,ELE-MAI-0088,1000,,Electrical,1000,Main Panel - 200A (per EA),NEC; With breakers,Each,650.0000,1500.0000,56.67,material,,standard,direct,charleston_metro,1.0000,1.0000,1.0000,jobtread_csv,No,Yes,Yes,,,2026-03-14 20:10:01,2026-03-14 20:10:01,
89,708f5fe3-ea3a-416f-81c3-ea3dec3770f8,ELE-MAI-0089,1000,,Electrical,1000,Main Panel - 400A (per EA),NEC,Each,1200.0000,2400.0000,50.00,material,,standard,direct,charleston_metro,1.0000,1.0000,1.0000,jobtread_csv,No,Yes,Yes,,,2026-03-14 20:10:01,2026-03-14 20:10:01,
90,8d03f130-8098-4352-97f8-22fd029e066f,ELE-OUT-0090,1000,,Electrical,1000,Outlet - Standard (per EA),,Each,8.0000,35.0000,77.14,material,,standard,direct,charleston_metro,1.0000,1.0000,1.0000,jobtread_csv,No,Yes,Yes,,,2026-03-14 20:10:01,2026-03-14 20:10:01,
91,7a304e39-ad2f-4b31-a4cc-cb7638659624,ELE-OUT-0091,1000,,Electrical,1000,Outlet - USB (per EA),,Each,25.0000,55.0000,54.55,material,,standard,direct,charleston_metro,1.0000,1.0000,1.0000,jobtread_csv,No,Yes,Yes,,,2026-03-14 20:10:01,2026-03-14 20:10:01,
92,1615f14a-05c6-4a3f-8129-1017e449b127,ELE-OUT-0092,1000,,Electrical,1000,Outlet Cover - Weatherproof (per EA),Required exterior,Each,12.0000,28.0000,57.14,material,,standard,direct,charleston_metro,1.0000,1.0000,1.0000,jobtread_csv,No,Yes,Yes,,,2026-03-14 20:10:01,2026-03-14 20:10:01,
93,cd3d82a7-2af8-4afe-9629-b6e1d852cedc,ELE-PEN-0093,1000,,Electrical,1000,Pendant Light (per EA),,Each,125.0000,350.0000,64.29,material,,standard,direct,charleston_metro,1.0000,1.0000,1.0000,jobtread_csv,No,Yes,Yes,,,2026-03-14 20:10:01,2026-03-14 20:10:01,
94,b53953b9-669c-4863-80ff-e45800022dba,ELE-REC-0094,1000,,Electrical,1000,Recessed Light - IC Rated (per EA),Insulation contact,Each,55.0000,145.0000,62.07,material,,standard,direct,charleston_metro,1.0000,1.0000,1.0000,jobtread_csv,No,Yes,Yes,,,2026-03-14 20:10:01,2026-03-14 20:10:01,
95,53aa806e-ebd8-478a-9800-e302186ebc99,ELE-REC-0095,1000,,Electrical,1000,Recessed Light - LED (per EA),,Each,45.0000,125.0000,64.00,material,,standard,direct,charleston_metro,1.0000,1.0000,1.0000,jobtread_csv,No,Yes,Yes,,,2026-03-14 20:10:01,2026-03-14 20:10:01,
96,db01540b-2b1a-446a-b6ae-261b54ab64ed,ELE-ROU-0096,1000,,Electrical,1000,Rough Wiring - 240V Circuit (per EA),"""NEC; HVAC, range, dryer, EV charger""",Each,185.0000,470.0000,60.64,material,,standard,direct,charleston_metro,1.0000,1.0000,1.0000,jobtread_csv,No,Yes,Yes,,,2026-03-14 20:10:01,2026-03-14 20:10:01,
97,06f92d56-1a85-4f13-8cac-57adc8431e24,ELE-ROU-0097,1000,,Electrical,1000,Rough Wiring - Per Circuit (15A/20A),NEC,Each,85.0000,250.0000,66.00,material,,standard,direct,charleston_metro,1.0000,1.0000,1.0000,jobtread_csv,No,Yes,Yes,,,2026-03-14 20:10:01,2026-03-14 20:10:01,
98,eba87ed9-39a9-4a8f-8ed2-0adb20c64414,ELE-SEC-0098,1000,,Electrical,1000,Security System Rough-In (per EA),"""Door/window contacts, motion""",Each,35.0000,90.0000,61.11,material,,standard,direct,charleston_metro,1.0000,1.0000,1.0000,jobtread_csv,No,Yes,Yes,,,2026-03-14 20:10:01,2026-03-14 20:10:01,
99,d774276f-9881-477e-b35f-b3e2d3c27135,ELE-SMA-0099,1000,,Electrical,1000,Smart Switch (per EA),WiFi enabled,Each,55.0000,125.0000,56.00,material,,standard,direct,charleston_metro,1.0000,1.0000,1.0000,jobtread_csv,No,Yes,Yes,,,2026-03-14 20:10:01,2026-03-14 20:10:01,
100,6830a20b-22ca-4e06-a942-d4f1e7ce4d9d,ELE-SMO-0100,1000,,Electrical,1000,Smoke Detector - Hardwired (per EA),IRC R314; Interconnected battery backup,Each,35.0000,90.0000,61.11,material,,standard,direct,charleston_metro,1.0000,1.0000,1.0000,jobtread_csv,No,Yes,Yes,,,2026-03-14 20:10:01,2026-03-14 20:10:01,
101,f2df54d2-aa89-4f54-ae15-7cb86671ee99,ELE-STA-0101,1000,,Electrical,1000,Standby Generator - 22kW (per EA),NEC; Natural gas/propane with ATS,Each,4500.0000,7000.0000,35.71,material,,standard,direct,charleston_metro,1.0000,1.0000,1.0000,jobtread_csv,No,Yes,Yes,,,2026-03-14 20:10:01,2026-03-14 20:10:01,
102,134b5b7b-80f6-4a23-91eb-bf09b514f835,ELE-STA-0102,1000,,Electrical,1000,Standby Generator - 24kW (per EA),NEC; Larger capacity whole-house,Each,5500.0000,8500.0000,35.29,material,,standard,direct,charleston_metro,1.0000,1.0000,1.0000,jobtread_csv,No,Yes,Yes,,,2026-03-14 20:10:01,2026-03-14 20:10:01,
103,138be656-cfb3-409c-a09d-fce78055dc87,ELE-SUB-0103,1000,,Electrical,1000,Sub Panel - 100A (per EA),"""NEC; Garage, addition, outbuilding""",Each,350.0000,900.0000,61.11,material,,standard,direct,charleston_metro,1.0000,1.0000,1.0000,jobtread_csv,No,Yes,Yes,,,2026-03-14 20:10:01,2026-03-14 20:10:01,
104,815e6afd-fff0-4596-9972-66c74fc9f90d,ELE-UND-0104,1000,,Electrical,1000,Under Cabinet Lighting (per LF),LED,Linear Feet,25.0000,55.0000,54.55,material,,standard,direct,charleston_metro,1.0000,1.0000,1.0000,jobtread_csv,No,Yes,Yes,,,2026-03-14 20:10:01,2026-03-14 20:10:01,
105,607229b1-4192-42cd-b1c8-e45522924172,ELE-VAN-0105,1000,,Electrical,1000,Vanity Light (per EA),,Each,85.0000,250.0000,66.00,material,,standard,direct,charleston_metro,1.0000,1.0000,1.0000,jobtread_csv,No,Yes,Yes,,,2026-03-14 20:10:01,2026-03-14 20:10:01,
106,89d936e5-fe71-4531-8228-ed7971724a93,ELE-WAL-0106,1000,,Electrical,1000,Wall Sconce (per EA),,Each,65.0000,185.0000,64.86,material,,standard,direct,charleston_metro,1.0000,1.0000,1.0000,jobtread_csv,No,Yes,Yes,,,2026-03-14 20:10:01,2026-03-14 20:10:01,
107,5d8d1c61-5f03-4d60-94c0-aed20f26a6e7,ELE-WHO-0107,1000,,Electrical,1000,Whole-House Surge Protector (per EA),NEC; At main panel,Each,185.0000,310.0000,40.32,material,,standard,direct,charleston_metro,1.0000,1.0000,1.0000,jobtread_csv,No,Yes,Yes,,,2026-03-14 20:10:01,2026-03-14 20:10:01,
108,2198ee48-b458-443c-929e-d6a7b1b2ecae,EXT-BRI-0108,800,,Exterior Envelope,800,Brick Veneer (per SF),IRC R703.7; Excellent durability Mt Pleasant Summerville,Square Feet,12.0000,21.0000,42.86,material,,standard,direct,charleston_metro,1.0000,1.0000,1.0000,jobtread_csv,No,Yes,Yes,,,2026-03-14 20:10:01,2026-03-14 20:10:01,
109,888d0f2b-d32a-4af6-89a0-4b81c937231a,EXT-CED-0109,800,,Exterior Envelope,800,Cedar Shingle Siding (per SF),IRC R703; Requires annual maintenance coastal,Square Feet,4.5000,9.5000,52.63,material,,standard,direct,charleston_metro,1.0000,1.0000,1.0000,jobtread_csv,No,Yes,Yes,,,2026-03-14 20:10:01,2026-03-14 20:10:01,
110,95651099-0f28-494f-a388-675b95bacf7a,EXT-COR-0110,800,,Exterior Envelope,800,Corner Boards - PVC (per LF),IRC R703,Linear Feet,4.5000,7.5000,40.00,material,,standard,direct,charleston_metro,1.0000,1.0000,1.0000,jobtread_csv,No,Yes,Yes,,,2026-03-14 20:10:01,2026-03-14 20:10:01,
111,ce7458d2-fe65-4078-b3a5-41a1c748a289,EXT-EIF-0111,800,,Exterior Envelope,800,EIFS / Synthetic Stucco (per SF),IRC R703.9; Moisture management critical,Square Feet,7.5000,13.0000,42.31,material,,standard,direct,charleston_metro,1.0000,1.0000,1.0000,jobtread_csv,No,Yes,Yes,,,2026-03-14 20:10:01,2026-03-14 20:10:01,
112,2e68f387-60a5-474c-ad77-c5a78519f9ef,EXT-ENG-0112,800,,Exterior Envelope,800,Engineered Wood Siding - LP SmartSide (per SF),IRC R703,Square Feet,2.5000,5.5000,54.55,material,,standard,direct,charleston_metro,1.0000,1.0000,1.0000,jobtread_csv,No,Yes,Yes,,,2026-03-14 20:10:01,2026-03-14 20:10:01,
113,caf03962-1a7b-4d94-8165-28c8d6c135d0,EXT-EXT-0113,800,,Exterior Envelope,800,Exterior Caulking & Sealing (per LF),IRC R703; Critical moisture management coastal,Linear Feet,0.5000,2.0000,75.00,material,,standard,direct,charleston_metro,1.0000,1.0000,1.0000,jobtread_csv,No,Yes,Yes,,,2026-03-14 20:10:01,2026-03-14 20:10:01,
114,fcd5ed15-621a-45a6-962c-27f8face29ef,EXT-EXT-0114,800,,Exterior Envelope,800,Exterior Painting - Full House (per SF),NAHB Standards; 100% acrylic latex salt-air resistant,Square Feet,1.5000,3.5000,57.14,material,,standard,direct,charleston_metro,1.0000,1.0000,1.0000,jobtread_csv,No,Yes,Yes,,,2026-03-14 20:10:01,2026-03-14 20:10:01,
115,f84920f6-9ebd-478a-ac61-5062fa592625,EXT-EXT-0115,800,,Exterior Envelope,800,Exterior Trim - Azek PVC (per LF),IRC R703; Premium PVC cellular,Linear Feet,5.5000,9.5000,42.11,material,,standard,direct,charleston_metro,1.0000,1.0000,1.0000,jobtread_csv,No,Yes,Yes,,,2026-03-14 20:10:01,2026-03-14 20:10:01,
116,bdd69633-16ec-410a-a09d-1de3e967cc44,EXT-EXT-0116,800,,Exterior Envelope,800,Exterior Trim - Cedar (per LF),IRC R703; Requires painting/staining maintenance,Linear Feet,5.5000,9.0000,38.89,material,,standard,direct,charleston_metro,1.0000,1.0000,1.0000,jobtread_csv,No,Yes,Yes,,,2026-03-14 20:10:01,2026-03-14 20:10:01,
117,9c0d1220-dbb4-4039-a526-83a66f8210d6,EXT-EXT-0117,800,,Exterior Envelope,800,Exterior Trim - Fiber Cement (per LF),IRC R703,Linear Feet,3.0000,6.5000,53.85,material,,standard,direct,charleston_metro,1.0000,1.0000,1.0000,jobtread_csv,No,Yes,Yes,,,2026-03-14 20:10:02,2026-03-14 20:10:02,
118,ee9495b9-8aea-4a60-994a-f00577cc331c,EXT-EXT-0118,800,,Exterior Envelope,800,Exterior Trim - PVC (per LF),IRC R703; PREFERRED coastal rot-proof paint-ready,Linear Feet,3.5000,7.0000,50.00,material,,standard,direct,charleston_metro,1.0000,1.0000,1.0000,jobtread_csv,No,Yes,Yes,,,2026-03-14 20:10:02,2026-03-14 20:10:02,
119,4a86efde-01ec-4dd0-a284-c2c608470dad,EXT-FAS-0119,800,,Exterior Envelope,800,Fascia Board - Fiber Cement 1x6 (per LF),IRC R803,Linear Feet,3.0000,5.5000,45.45,material,,standard,direct,charleston_metro,1.0000,1.0000,1.0000,jobtread_csv,No,Yes,Yes,,,2026-03-14 20:10:02,2026-03-14 20:10:02,
120,e0b7d4e4-2641-4b80-b361-bd02f215f0c5,EXT-FAS-0120,800,,Exterior Envelope,800,Fascia Board - PVC 1x6 (per LF),IRC R803,Linear Feet,3.5000,6.0000,41.67,material,,standard,direct,charleston_metro,1.0000,1.0000,1.0000,jobtread_csv,No,Yes,Yes,,,2026-03-14 20:10:02,2026-03-14 20:10:02,
121,f69bf05f-e721-41f4-898a-815b86f47ea0,EXT-FIB-0121,800,,Exterior Envelope,800,Fiber Cement Siding - Lap (per SF),IRC R703; ASTM C1186; TOP CHOICE coastal SC rot/moisture resistant,Square Feet,2.8500,6.3500,55.12,material,,standard,direct,charleston_metro,1.0000,1.0000,1.0000,jobtread_csv,No,Yes,Yes,,,2026-03-14 20:10:02,2026-03-14 20:10:02,
122,0cfa83be-1747-40d2-b4f9-1a17d2371010,EXT-FIB-0122,800,,Exterior Envelope,800,Fiber Cement Siding - Panel (per SF),IRC R703,Square Feet,2.6500,5.6500,53.10,material,,standard,direct,charleston_metro,1.0000,1.0000,1.0000,jobtread_csv,No,Yes,Yes,,,2026-03-14 20:10:02,2026-03-14 20:10:02,
123,0be1d963-568b-4a07-946e-742eb9a583e5,EXT-FIB-0123,800,,Exterior Envelope,800,Fiber Cement Siding - Shingle/Shake (per SF),IRC R703; Premium coastal aesthetic,Square Feet,3.8500,8.3500,53.89,material,,standard,direct,charleston_metro,1.0000,1.0000,1.0000,jobtread_csv,No,Yes,Yes,,,2026-03-14 20:10:02,2026-03-14 20:10:02,
124,5f2f4f11-50aa-4951-b059-a29f87eb1044,EXT-SID-0124,800,,Exterior Envelope,800,Siding Fasteners - SS316 Ring Shank (per LB),IRC R703; Required fiber cement coastal applications,Pounds,32.0000,49.2300,35.00,material,,standard,direct,charleston_metro,1.0000,1.0000,1.0000,jobtread_csv,No,Yes,Yes,,,2026-03-14 20:10:02,2026-03-14 20:10:02,
125,8748e207-09c8-42a6-839b-7658db59beb7,EXT-SID-0125,800,,Exterior Envelope,800,Siding Nails - Hot-Dip Galvanized (per LB),IRC R703; Minimum standard siding attachment,Pounds,4.8500,7.4600,34.99,material,,standard,direct,charleston_metro,1.0000,1.0000,1.0000,jobtread_csv,No,Yes,Yes,,,2026-03-14 20:10:02,2026-03-14 20:10:02,
126,bb6564ed-0add-4294-9485-600ed7b395f4,EXT-SOF-0126,800,,Exterior Envelope,800,Soffit - Aluminum Vented (per SF),IRC R806; Good coastal durability,Square Feet,3.8500,6.5000,40.77,material,,standard,direct,charleston_metro,1.0000,1.0000,1.0000,jobtread_csv,No,Yes,Yes,,,2026-03-14 20:10:02,2026-03-14 20:10:02,
127,1373ddd6-d228-4f02-af41-f65d721e9f03,EXT-SOF-0127,800,,Exterior Envelope,800,Soffit - Vented Fiber Cement (per SF),IRC R806,Square Feet,3.5000,6.0000,41.67,material,,standard,direct,charleston_metro,1.0000,1.0000,1.0000,jobtread_csv,No,Yes,Yes,,,2026-03-14 20:10:02,2026-03-14 20:10:02,
128,dd40cb06-08a5-461e-8aeb-4fe963e1502f,EXT-SOF-0128,800,,Exterior Envelope,800,Soffit - Vinyl (per SF),IRC R806,Square Feet,2.5000,4.5000,44.44,material,,standard,direct,charleston_metro,1.0000,1.0000,1.0000,jobtread_csv,No,Yes,Yes,,,2026-03-14 20:10:02,2026-03-14 20:10:02,
129,93a5e696-797a-420d-9e95-b9d19af8f869,EXT-STO-0129,800,,Exterior Envelope,800,Stone Veneer - Manufactured (per SF),IRC R703.7,Square Feet,8.5000,15.5000,45.16,material,,standard,direct,charleston_metro,1.0000,1.0000,1.0000,jobtread_csv,No,Yes,Yes,,,2026-03-14 20:10:02,2026-03-14 20:10:02,
130,e46e8b8d-5d09-48df-9933-367eccb70cea,EXT-STO-0130,800,,Exterior Envelope,800,Stone Veneer - Natural (per SF),IRC R703.7,Square Feet,18.0000,30.0000,40.00,material,,standard,direct,charleston_metro,1.0000,1.0000,1.0000,jobtread_csv,No,Yes,Yes,,,2026-03-14 20:10:02,2026-03-14 20:10:02,
131,e82aa99c-69e1-4da3-8464-1e650c4da44f,EXT-STU-0131,800,,Exterior Envelope,800,Stucco - 3-Coat System (per SF),IRC R703.6,Square Feet,8.5000,15.0000,43.33,material,,standard,direct,charleston_metro,1.0000,1.0000,1.0000,jobtread_csv,No,Yes,Yes,,,2026-03-14 20:10:02,2026-03-14 20:10:02,
132,744cbd25-cafd-4514-9167-73c0ed67a112,EXT-VIN-0132,800,,Exterior Envelope,800,Vinyl Siding - Premium Wind-Rated (per SF),IRC R703; 110+ mph wind rating,Square Feet,2.8500,5.3500,46.73,material,,standard,direct,charleston_metro,1.0000,1.0000,1.0000,jobtread_csv,No,Yes,Yes,,,2026-03-14 20:10:02,2026-03-14 20:10:02,
133,f78f1001-07f2-4ed8-a642-f63d4a22247f,EXT-VIN-0133,800,,Exterior Envelope,800,Vinyl Siding - Standard (per SF),IRC R703; NOT recommended VE zones high-wind,Square Feet,1.8500,4.3500,57.47,material,,standard,direct,charleston_metro,1.0000,1.0000,1.0000,jobtread_csv,No,Yes,Yes,,,2026-03-14 20:10:02,2026-03-14 20:10:02,
134,86bbe4fc-ed95-4e6f-b071-e5df354dfbc5,EXT-WEA-0134,800,,Exterior Envelope,800,Weather-Resistant Barrier - Fluid-Applied (per SF),IRC R703.1; Superior coastal moisture protection,Square Feet,0.8500,1.6500,48.48,material,,standard,direct,charleston_metro,1.0000,1.0000,1.0000,jobtread_csv,No,Yes,Yes,,,2026-03-14 20:10:02,2026-03-14 20:10:02,
135,e58731fb-a45b-43eb-bfc4-9842307f5614,EXT-WEA-0135,800,,Exterior Envelope,800,Weather-Resistant Barrier - House Wrap (per SF),IRC R703.1; Required under all cladding,Square Feet,0.2500,0.6000,58.33,material,,standard,direct,charleston_metro,1.0000,1.0000,1.0000,jobtread_csv,No,Yes,Yes,,,2026-03-14 20:10:02,2026-03-14 20:10:02,
136,84aa9bd5-0cfd-47c4-b0a7-1e4122c71168,EXT-DEC-0136,2400,,Exterior Improvements,2400,Deck Boards - Cedar (per SF),,Square Feet,6.5000,12.5000,48.00,material,,standard,direct,charleston_metro,1.0000,1.0000,1.0000,jobtread_csv,No,Yes,Yes,,,2026-03-14 20:10:02,2026-03-14 20:10:02,
137,8c5ceaf8-3b08-4f96-9c32-bda2304ab4f1,EXT-DEC-0137,2400,,Exterior Improvements,2400,Deck Boards - Composite Premium (per SF),PVC capped,Square Feet,12.5000,22.0000,43.18,material,,standard,direct,charleston_metro,1.0000,1.0000,1.0000,jobtread_csv,No,Yes,Yes,,,2026-03-14 20:10:02,2026-03-14 20:10:02,
138,ae47ac4c-901e-467e-9582-8681c124fe8d,EXT-DEC-0138,2400,,Exterior Improvements,2400,Deck Boards - Composite Standard (per SF),Trex/TimberTech,Square Feet,8.5000,16.0000,46.88,material,,standard,direct,charleston_metro,1.0000,1.0000,1.0000,jobtread_csv,No,Yes,Yes,,,2026-03-14 20:10:02,2026-03-14 20:10:02,
139,8388ce47-2393-494e-9eb0-58504fdd16bb,EXT-DEC-0139,2400,,Exterior Improvements,2400,Deck Boards - Ipe Hardwood (per SF),Superior durability coastal,Square Feet,18.5000,32.0000,42.19,material,,standard,direct,charleston_metro,1.0000,1.0000,1.0000,jobtread_csv,No,Yes,Yes,,,2026-03-14 20:10:02,2026-03-14 20:10:02,
140,6a14ed6e-8f02-4151-8673-658e03614713,EXT-DEC-0140,2400,,Exterior Improvements,2400,Deck Boards - PT Pine (per SF),IRC R507; ACQ/CA-C treated,Square Feet,3.5000,7.5000,53.33,material,,standard,direct,charleston_metro,1.0000,1.0000,1.0000,jobtread_csv,No,Yes,Yes,,,2026-03-14 20:10:02,2026-03-14 20:10:02,
141,321390e8-229c-4c0d-8d14-f854950a0b43,EXT-DEC-0141,2400,,Exterior Improvements,2400,Deck Fasteners - SS316 Hidden (per SF),Required coastal applications,Square Feet,2.8500,4.5000,36.67,material,,standard,direct,charleston_metro,1.0000,1.0000,1.0000,jobtread_csv,No,Yes,Yes,,,2026-03-14 20:10:02,2026-03-14 20:10:02,
142,d4d55815-adef-4489-8d68-ee64c3f1b47e,EXT-DEC-0142,2400,,Exterior Improvements,2400,Deck Framing - PT Lumber (per SF),IRC R507; ACQ treated,Square Feet,8.5000,16.0000,46.88,material,,standard,direct,charleston_metro,1.0000,1.0000,1.0000,jobtread_csv,No,Yes,Yes,,,2026-03-14 20:10:02,2026-03-14 20:10:02,
143,3e9a3011-825e-421c-903c-81507c201589,EXT-DEC-0143,2400,,Exterior Improvements,2400,Deck Framing - Steel (per SF),Fortress/similar steel framing,Square Feet,18.5000,32.0000,42.19,material,,standard,direct,charleston_metro,1.0000,1.0000,1.0000,jobtread_csv,No,Yes,Yes,,,2026-03-14 20:10:02,2026-03-14 20:10:02,
144,8519b35a-dbcf-43f8-a325-7a3680afbcd4,EXT-DEC-0144,2400,,Exterior Improvements,2400,Deck Post Base - SS316 (per EA),Simpson PBS series stainless,Each,28.0000,45.0000,37.78,material,,standard,direct,charleston_metro,1.0000,1.0000,1.0000,jobtread_csv,No,Yes,Yes,,,2026-03-14 20:10:02,2026-03-14 20:10:02,
145,0719eacc-9a6d-4553-a46f-188240276d1d,EXT-DEC-0145,2400,,Exterior Improvements,2400,Deck Railing - Aluminum (per LF),,Linear Feet,55.0000,95.0000,42.11,material,,standard,direct,charleston_metro,1.0000,1.0000,1.0000,jobtread_csv,No,Yes,Yes,,,2026-03-14 20:10:02,2026-03-14 20:10:02,
146,a00c491d-328f-4cbc-bc55-ae52afcab198,EXT-DEC-0146,2400,,Exterior Improvements,2400,Deck Railing - Cable (per LF),SS316 cable required coastal,Linear Feet,85.0000,150.0000,43.33,material,,standard,direct,charleston_metro,1.0000,1.0000,1.0000,jobtread_csv,No,Yes,Yes,,,2026-03-14 20:10:02,2026-03-14 20:10:02,
147,06d52e10-9284-415c-a7bb-2e1072c94e65,EXT-DEC-0147,2400,,Exterior Improvements,2400,Deck Railing - Composite (per LF),,Linear Feet,45.0000,85.0000,47.06,material,,standard,direct,charleston_metro,1.0000,1.0000,1.0000,jobtread_csv,No,Yes,Yes,,,2026-03-14 20:10:02,2026-03-14 20:10:02,
148,435e06e1-ea8c-46a0-9ba4-e07ffddc0788,EXT-DEC-0148,2400,,Exterior Improvements,2400,Deck Railing - Wood (per LF),,Linear Feet,25.0000,55.0000,54.55,material,,standard,direct,charleston_metro,1.0000,1.0000,1.0000,jobtread_csv,No,Yes,Yes,,,2026-03-14 20:10:02,2026-03-14 20:10:02,
149,fb6233fb-6387-4424-8f4f-bed61cc155f1,EXT-DEC-0149,2400,,Exterior Improvements,2400,Deck Screws - SS316 (per LB),Marine grade required coastal,Pounds,38.0000,58.4600,35.00,material,,standard,direct,charleston_metro,1.0000,1.0000,1.0000,jobtread_csv,No,Yes,Yes,,,2026-03-14 20:10:02,2026-03-14 20:10:02,
150,915de662-72c3-403b-b211-4d5cd018dea2,EXT-DEC-0150,2400,,Exterior Improvements,2400,Deck Stairs - Composite (per TREAD),,Each,95.0000,175.0000,45.71,material,,standard,direct,charleston_metro,1.0000,1.0000,1.0000,jobtread_csv,No,Yes,Yes,,,2026-03-14 20:10:02,2026-03-14 20:10:02,
151,aa634617-ce03-4a89-a82e-669728c0f247,EXT-DEC-0151,2400,,Exterior Improvements,2400,Deck Stairs - PT Wood (per TREAD),,Each,65.0000,125.0000,48.00,material,,standard,direct,charleston_metro,1.0000,1.0000,1.0000,jobtread_csv,No,Yes,Yes,,,2026-03-14 20:10:02,2026-03-14 20:10:02,
152,9e8701df-6934-4c26-8ca6-a3beed5b7427,EXT-EPO-0152,2400,,Exterior Improvements,2400,Epoxy-Coated Rebar #4 (per LF),ACI 318; Required salt-air concrete,Linear Feet,1.3500,2.0800,35.10,material,,standard,direct,charleston_metro,1.0000,1.0000,1.0000,jobtread_csv,No,Yes,Yes,,,2026-03-14 20:10:02,2026-03-14 20:10:02,
153,7b09c745-2e58-4ddd-9634-1938fed12cf6,EXT-FIR-0153,2400,,Exterior Improvements,2400,Fire Pit - Gas (per EA),,Each,1200.0000,2500.0000,52.00,material,,standard,direct,charleston_metro,1.0000,1.0000,1.0000,jobtread_csv,No,Yes,Yes,,,2026-03-14 20:10:02,2026-03-14 20:10:02,
154,e5169dac-b038-4dc2-8694-432f8656cd22,EXT-GAL-0154,2400,,Exterior Improvements,2400,"""Galvanized Steel Pipe 4"""" SCH40 (per LF)""",Piling applications,Linear Feet,28.5000,43.8500,35.01,material,,standard,direct,charleston_metro,1.0000,1.0000,1.0000,jobtread_csv,No,Yes,Yes,,,2026-03-14 20:10:02,2026-03-14 20:10:02,
155,dad042c7-46f4-496f-8759-22b7a4e91c82,EXT-HDP-0155,2400,,Exterior Improvements,2400,HDPE Pile Wrap (per LF),Piling protection marine environment,Linear Feet,8.5000,13.0800,35.02,material,,standard,direct,charleston_metro,1.0000,1.0000,1.0000,jobtread_csv,No,Yes,Yes,,,2026-03-14 20:10:02,2026-03-14 20:10:02,
156,1dedd310-5ffb-467d-a7c6-9acd774207d8,EXT-OUT-0156,2400,,Exterior Improvements,2400,Outdoor Fireplace (per EA),,Each,3500.0000,8500.0000,58.82,material,,standard,direct,charleston_metro,1.0000,1.0000,1.0000,jobtread_csv,No,Yes,Yes,,,2026-03-14 20:10:02,2026-03-14 20:10:02,
157,425ce53b-9956-403e-b1af-ef62466375df,EXT-OUT-0157,2400,,Exterior Improvements,2400,Outdoor Kitchen - Basic (per LF),,Linear Feet,350.0000,650.0000,46.15,material,,standard,direct,charleston_metro,1.0000,1.0000,1.0000,jobtread_csv,No,Yes,Yes,,,2026-03-14 20:10:02,2026-03-14 20:10:02,
158,f11bc300-6b17-4b34-8a2d-5fc358f29b83,EXT-OUT-0158,2400,,Exterior Improvements,2400,Outdoor Kitchen - Premium (per LF),,Linear Feet,650.0000,1200.0000,45.83,material,,standard,direct,charleston_metro,1.0000,1.0000,1.0000,jobtread_csv,No,Yes,Yes,,,2026-03-14 20:10:02,2026-03-14 20:10:02,
159,a455fb90-3c5a-4588-8f58-c44151f2c516,EXT-PAT-0159,2400,,Exterior Improvements,2400,Patio - Concrete (per SF),,Square Feet,8.0000,15.0000,46.67,material,,standard,direct,charleston_metro,1.0000,1.0000,1.0000,jobtread_csv,No,Yes,Yes,,,2026-03-14 20:10:02,2026-03-14 20:10:02,
160,12f8c680-3828-4312-9acb-94176d1bc653,EXT-PAT-0160,2400,,Exterior Improvements,2400,Patio - Pavers (per SF),,Square Feet,12.0000,24.0000,50.00,material,,standard,direct,charleston_metro,1.0000,1.0000,1.0000,jobtread_csv,No,Yes,Yes,,,2026-03-14 20:10:02,2026-03-14 20:10:02,
161,12edd9f0-c8d8-4a47-970e-ef2feb123ed7,EXT-PER-0161,2400,,Exterior Improvements,2400,Pergola - Aluminum (per SF),Louvered,Square Feet,55.0000,95.0000,42.11,material,,standard,direct,charleston_metro,1.0000,1.0000,1.0000,jobtread_csv,No,Yes,Yes,,,2026-03-14 20:10:02,2026-03-14 20:10:02,
162,0ed3a6fe-dc52-4830-bf8f-ca98432c7729,EXT-PER-0162,2400,,Exterior Improvements,2400,Pergola - Wood (per SF),,Square Feet,35.0000,65.0000,46.15,material,,standard,direct,charleston_metro,1.0000,1.0000,1.0000,jobtread_csv,No,Yes,Yes,,,2026-03-14 20:10:02,2026-03-14 20:10:02,
163,cd6b3023-7d1b-4a1a-9176-6a8f99a1effe,EXT-POO-0163,2400,,Exterior Improvements,2400,Pool - Fiberglass Shell (per EA),Installed basic package,Each,25000.0000,45000.0000,44.44,material,,standard,direct,charleston_metro,1.0000,1.0000,1.0000,jobtread_csv,No,Yes,Yes,,,2026-03-14 20:10:02,2026-03-14 20:10:02,
164,05b0183a-2da6-4d1b-a6a8-e6e7ed1f3986,EXT-POO-0164,2400,,Exterior Improvements,2400,Pool - Gunite/Concrete (per SF),Custom shape,Square Feet,85.0000,150.0000,43.33,material,,standard,direct,charleston_metro,1.0000,1.0000,1.0000,jobtread_csv,No,Yes,Yes,,,2026-03-14 20:10:02,2026-03-14 20:10:02,
165,e96c2e77-10e4-45b1-b62e-f24b3a684c04,EXT-POO-0165,2400,,Exterior Improvements,2400,Pool Deck - Concrete (per SF),,Square Feet,12.0000,22.0000,45.45,material,,standard,direct,charleston_metro,1.0000,1.0000,1.0000,jobtread_csv,No,Yes,Yes,,,2026-03-14 20:10:02,2026-03-14 20:10:02,
166,b5869d55-b219-493a-8a19-e015203d1067,EXT-POO-0166,2400,,Exterior Improvements,2400,Pool Deck - Pavers (per SF),,Square Feet,18.0000,35.0000,48.57,material,,standard,direct,charleston_metro,1.0000,1.0000,1.0000,jobtread_csv,No,Yes,Yes,,,2026-03-14 20:10:02,2026-03-14 20:10:02,
167,3803075b-65b6-4972-8782-6bb154dae367,EXT-POO-0167,2400,,Exterior Improvements,2400,Pool Deck - Travertine (per SF),,Square Feet,28.0000,55.0000,49.09,material,,standard,direct,charleston_metro,1.0000,1.0000,1.0000,jobtread_csv,No,Yes,Yes,,,2026-03-14 20:10:02,2026-03-14 20:10:02,
168,c4968112-040d-404a-b886-93d2d15bbf92,EXT-POO-0168,2400,,Exterior Improvements,2400,Pool Enclosure - Screen (per SF),,Square Feet,18.0000,35.0000,48.57,material,,standard,direct,charleston_metro,1.0000,1.0000,1.0000,jobtread_csv,No,Yes,Yes,,,2026-03-14 20:10:02,2026-03-14 20:10:02,
169,41ada715-fb7a-4663-8146-9ab79fdc4694,EXT-POO-0169,2400,,Exterior Improvements,2400,Pool Equipment - Heat Pump (per EA),,Each,3500.0000,5500.0000,36.36,material,,standard,direct,charleston_metro,1.0000,1.0000,1.0000,jobtread_csv,No,Yes,Yes,,,2026-03-14 20:10:03,2026-03-14 20:10:03,
170,d4dde146-7cc7-4041-b7c6-74e291a58900,EXT-POO-0170,2400,,Exterior Improvements,2400,Pool Equipment - Heater Gas (per EA),,Each,2500.0000,4500.0000,44.44,material,,standard,direct,charleston_metro,1.0000,1.0000,1.0000,jobtread_csv,No,Yes,Yes,,,2026-03-14 20:10:03,2026-03-14 20:10:03,
171,b65bf2b6-c701-4f6a-a153-22064e03c3af,EXT-POO-0171,2400,,Exterior Improvements,2400,Pool Equipment - Pump & Filter (per EA),Variable speed,Each,1850.0000,3500.0000,47.14,material,,standard,direct,charleston_metro,1.0000,1.0000,1.0000,jobtread_csv,No,Yes,Yes,,,2026-03-14 20:10:03,2026-03-14 20:10:03,
172,aba5b9d8-d8c9-424e-9e40-36005013d7ad,EXT-POO-0172,2400,,Exterior Improvements,2400,Pool Equipment - Saltwater System (per EA),,Each,1200.0000,2200.0000,45.45,material,,standard,direct,charleston_metro,1.0000,1.0000,1.0000,jobtread_csv,No,Yes,Yes,,,2026-03-14 20:10:03,2026-03-14 20:10:03,
173,11782a07-302c-4685-b3a6-0d400fbb9cb1,EXT-POO-0173,2400,,Exterior Improvements,2400,Pool Fence - Aluminum (per LF),Code required,Linear Feet,55.0000,95.0000,42.11,material,,standard,direct,charleston_metro,1.0000,1.0000,1.0000,jobtread_csv,No,Yes,Yes,,,2026-03-14 20:10:03,2026-03-14 20:10:03,
174,ff3bc032-f19b-4e06-923d-c0de7664cb43,EXT-POO-0174,2400,,Exterior Improvements,2400,Pool Lighting - LED (per EA),,Each,450.0000,850.0000,47.06,material,,standard,direct,charleston_metro,1.0000,1.0000,1.0000,jobtread_csv,No,Yes,Yes,,,2026-03-14 20:10:03,2026-03-14 20:10:03,
175,5ad13766-f93b-4146-9a44-87136a8888e1,EXT-SAL-0175,2400,,Exterior Improvements,2400,Saltwater-Rated Pool Equipment Package (per EA),Titanium/316SS components,Each,2500.0000,4500.0000,44.44,material,,standard,direct,charleston_metro,1.0000,1.0000,1.0000,jobtread_csv,No,Yes,Yes,,,2026-03-14 20:10:03,2026-03-14 20:10:03,
176,93f0ca21-5522-4b73-bbb1-44f6d00c5a7b,EXT-SCR-0176,2400,,Exterior Improvements,2400,Screen System - Motorized (per SF),,Square Feet,18.0000,35.0000,48.57,material,,standard,direct,charleston_metro,1.0000,1.0000,1.0000,jobtread_csv,No,Yes,Yes,,,2026-03-14 20:10:03,2026-03-14 20:10:03,
177,5f33b2f7-684d-463e-b7d4-da6772b6921a,EXT-SCR-0177,2400,,Exterior Improvements,2400,Screen System - Standard (per SF),,Square Feet,4.5000,9.0000,50.00,material,,standard,direct,charleston_metro,1.0000,1.0000,1.0000,jobtread_csv,No,Yes,Yes,,,2026-03-14 20:10:03,2026-03-14 20:10:03,
178,cc9415f4-f30f-4a5b-913f-086374164472,EXT-SCR-0178,2400,,Exterior Improvements,2400,Screened Porch - Framing (per SF),,Square Feet,18.0000,35.0000,48.57,material,,standard,direct,charleston_metro,1.0000,1.0000,1.0000,jobtread_csv,No,Yes,Yes,,,2026-03-14 20:10:03,2026-03-14 20:10:03,
179,d4e61cef-4520-4e53-b5ac-b77eb122758b,EXT-SIM-0179,2400,,Exterior Improvements,2400,Simpson Strong-Tie SS316 Hold-Down HDU (per EA),Stainless continuous load path,Each,125.0000,192.3100,35.00,material,,standard,direct,charleston_metro,1.0000,1.0000,1.0000,jobtread_csv,No,Yes,Yes,,,2026-03-14 20:10:03,2026-03-14 20:10:03,
180,b8080ce8-3b36-4b10-8240-ae0d204aa054,EXT-SIM-0180,2400,,Exterior Improvements,2400,Simpson Strong-Tie SS316 Hurricane Tie H2.5A (per EA),IRC R802.11; Stainless coastal,Each,12.5000,19.2300,35.00,material,,standard,direct,charleston_metro,1.0000,1.0000,1.0000,jobtread_csv,No,Yes,Yes,,,2026-03-14 20:10:03,2026-03-14 20:10:03,
181,b9385375-77e5-481d-8fb7-6eda64caa5e3,EXT-SIM-0181,2400,,Exterior Improvements,2400,Simpson Strong-Tie ZMAX Hurricane Tie H10 (per EA),Triple zinc coating,Each,6.5000,10.0000,35.00,material,,standard,direct,charleston_metro,1.0000,1.0000,1.0000,jobtread_csv,No,Yes,Yes,,,2026-03-14 20:10:03,2026-03-14 20:10:03,
182,0a13ad33-0739-4e5e-bd5f-59c8b6bb2f7d,EXT-SIM-0182,2400,,Exterior Improvements,2400,Simpson Strong-Tie ZMAX Joist Hanger LUS (per EA),Triple zinc,Each,8.5000,13.0800,35.02,material,,standard,direct,charleston_metro,1.0000,1.0000,1.0000,jobtread_csv,No,Yes,Yes,,,2026-03-14 20:10:03,2026-03-14 20:10:03,
183,38337815-5670-48d0-bcc8-26d98c9f3cb2,EXT-SPA-0183,2400,,Exterior Improvements,2400,Spa - Built-In (per EA),Attached to pool,Each,12000.0000,25000.0000,52.00,material,,standard,direct,charleston_metro,1.0000,1.0000,1.0000,jobtread_csv,No,Yes,Yes,,,2026-03-14 20:10:03,2026-03-14 20:10:03,
184,b5b22baf-5ce1-46b4-86ca-99408f63a224,EXT-SPA-0184,2400,,Exterior Improvements,2400,Spa - Portable (per EA),,Each,5500.0000,12000.0000,54.17,material,,standard,direct,charleston_metro,1.0000,1.0000,1.0000,jobtread_csv,No,Yes,Yes,,,2026-03-14 20:10:03,2026-03-14 20:10:03,
185,68eef667-8bf4-4b65-99dd-9cf222438e49,EXT-STA-0185,2400,,Exterior Improvements,2400,"""Stainless Steel 316 Carriage Bolts 3/8"""" x 4"""" (per EA)""",Marine grade,Each,2.4500,3.7700,35.01,material,,standard,direct,charleston_metro,1.0000,1.0000,1.0000,jobtread_csv,No,Yes,Yes,,,2026-03-14 20:10:03,2026-03-14 20:10:03,
186,ee836607-7fc2-4118-855f-5540d942af06,EXT-STA-0186,2400,,Exterior Improvements,2400,"""Stainless Steel 316 Deck Screws #10 x 2.5"""" (per BOX 100)""",Marine grade required within 3000ft saltwater,Boxes,42.0000,64.6200,35.00,material,,standard,direct,charleston_metro,1.0000,1.0000,1.0000,jobtread_csv,No,Yes,Yes,,,2026-03-14 20:10:03,2026-03-14 20:10:03,
187,2162a5e6-3fdd-45da-bf75-8e30c3e572de,EXT-STA-0187,2400,,Exterior Improvements,2400,"""Stainless Steel 316 Deck Screws #10 x 3"""" (per BOX 100)""",Marine grade,Boxes,48.0000,73.8500,35.00,material,,standard,direct,charleston_metro,1.0000,1.0000,1.0000,jobtread_csv,No,Yes,Yes,,,2026-03-14 20:10:03,2026-03-14 20:10:03,
188,920ea130-a365-4c6e-9b4f-d8370f1a30cd,EXT-STA-0188,2400,,Exterior Improvements,2400,Stainless Steel 316 Joist Hanger Nails (per LB),Required SS connectors,Pounds,32.0000,49.2300,35.00,material,,standard,direct,charleston_metro,1.0000,1.0000,1.0000,jobtread_csv,No,Yes,Yes,,,2026-03-14 20:10:03,2026-03-14 20:10:03,
189,ca8f916e-e52e-4603-91a0-ad705716eef8,EXT-STA-0189,2400,,Exterior Improvements,2400,"""Stainless Steel 316 Lag Bolts 3/8"""" x 4"""" (per EA)""",Marine grade structural,Each,2.8500,4.3800,34.93,material,,standard,direct,charleston_metro,1.0000,1.0000,1.0000,jobtread_csv,No,Yes,Yes,,,2026-03-14 20:10:03,2026-03-14 20:10:03,
190,0199d9f4-d410-477a-ab08-d4147b68a4a1,EXT-STA-0190,2400,,Exterior Improvements,2400,"""Stainless Steel 316 Structural Screws #14 x 3"""" (per BOX 50)""",Simpson SDS type,Boxes,65.0000,100.0000,35.00,material,,standard,direct,charleston_metro,1.0000,1.0000,1.0000,jobtread_csv,No,Yes,Yes,,,2026-03-14 20:10:03,2026-03-14 20:10:03,
191,88beda59-d6fe-47ec-9598-5d3097b99e39,EXT-TRE-0191,2400,,Exterior Improvements,2400,Treated Lumber - CA-C Preservative 2x6x8 (per EA),Copper Azole less corrosive than ACQ,Each,9.5000,14.6200,35.02,material,,standard,direct,charleston_metro,1.0000,1.0000,1.0000,jobtread_csv,No,Yes,Yes,,,2026-03-14 20:10:03,2026-03-14 20:10:03,
192,2abd288f-4832-4622-8e06-d64bbf887e39,EXT-TRE-0192,2400,,Exterior Improvements,2400,Treated Lumber - Marine Grade CCA 4x4x8 (per EA),AWPA UC5B saltwater splash zone,Each,28.5000,43.8500,35.01,material,,standard,direct,charleston_metro,1.0000,1.0000,1.0000,jobtread_csv,No,Yes,Yes,,,2026-03-14 20:10:03,2026-03-14 20:10:03,
193,1cf143fc-581b-4624-ad3a-20e72b8b4a5b,EXT-TRE-0193,2400,,Exterior Improvements,2400,Treated Lumber 2x10x16 ACQ .40 (per EA),Ground contact,Each,32.5000,50.0000,35.00,material,,standard,direct,charleston_metro,1.0000,1.0000,1.0000,jobtread_csv,No,Yes,Yes,,,2026-03-14 20:10:03,2026-03-14 20:10:03,
194,411a4b2b-9140-4c81-8c11-555dd477c8c6,EXT-TRE-0194,2400,,Exterior Improvements,2400,Treated Lumber 2x6x8 ACQ .40 (per EA),AWPA UC4A ground contact; Use SS316 fasteners,Each,8.5000,13.0800,35.02,material,,standard,direct,charleston_metro,1.0000,1.0000,1.0000,jobtread_csv,No,Yes,Yes,,,2026-03-14 20:10:03,2026-03-14 20:10:03,
195,f02b85d6-e0c2-4250-965b-984a035e1d92,EXT-TRE-0195,2400,,Exterior Improvements,2400,Treated Lumber 2x8x12 ACQ .40 (per EA),Ground contact,Each,18.5000,28.4600,35.00,material,,standard,direct,charleston_metro,1.0000,1.0000,1.0000,jobtread_csv,No,Yes,Yes,,,2026-03-14 20:10:03,2026-03-14 20:10:03,
196,d24d6a24-af75-4cbd-b295-8ecee941c7bf,EXT-TRE-0196,2400,,Exterior Improvements,2400,Treated Lumber 4x4x8 ACQ .60 (per EA),AWPA UC4B heavy duty,Each,18.5000,28.4600,35.00,material,,standard,direct,charleston_metro,1.0000,1.0000,1.0000,jobtread_csv,No,Yes,Yes,,,2026-03-14 20:10:03,2026-03-14 20:10:03,
197,d59f6e18-64d0-42aa-8225-42be951330e3,EXT-TRE-0197,2400,,Exterior Improvements,2400,Treated Lumber 6x6x10 ACQ .60 (per EA),Heavy duty posts,Each,48.5000,74.6200,35.00,material,,standard,direct,charleston_metro,1.0000,1.0000,1.0000,jobtread_csv,No,Yes,Yes,,,2026-03-14 20:10:03,2026-03-14 20:10:03,
198,8c1f6fef-342f-41a3-88eb-929fa9eba1a5,EXT-TRE-0198,2400,,Exterior Improvements,2400,"""Treated Plywood 3/4"""" ACQ (per SHEET)""",Deck/subfloor applications,Sheets,65.0000,100.0000,35.00,material,,standard,direct,charleston_metro,1.0000,1.0000,1.0000,jobtread_csv,No,Yes,Yes,,,2026-03-14 20:10:03,2026-03-14 20:10:03,
199,c19d1ccb-5812-4b4f-b23d-a3e73b32f06c,FLO-CAR-0199,1700,,Flooring,1700,Carpet - Premium (per SF),,Square Feet,4.5000,9.0000,50.00,material,,standard,direct,charleston_metro,1.0000,1.0000,1.0000,jobtread_csv,No,Yes,Yes,,,2026-03-14 20:10:03,2026-03-14 20:10:03,
200,ecef5f4c-0529-4261-8b35-0ab013264348,FLO-CAR-0200,1700,,Flooring,1700,Carpet - Standard (per SF),,Square Feet,2.5000,5.5000,54.55,material,,standard,direct,charleston_metro,1.0000,1.0000,1.0000,jobtread_csv,No,Yes,Yes,,,2026-03-14 20:10:03,2026-03-14 20:10:03,
201,9444dfb3-4d21-475f-aae7-9d8ada5bc7e1,FLO-CON-0201,1700,,Flooring,1700,Concrete Staining (per SF),,Square Feet,3.5000,7.5000,53.33,material,,standard,direct,charleston_metro,1.0000,1.0000,1.0000,jobtread_csv,No,Yes,Yes,,,2026-03-14 20:10:03,2026-03-14 20:10:03,
202,7272a21d-59df-44f0-9220-d074bfddfde8,FLO-EPO-0202,1700,,Flooring,1700,Epoxy Floor Coating (per SF),Garage/utility,Square Feet,4.5000,9.5000,52.63,material,,standard,direct,charleston_metro,1.0000,1.0000,1.0000,jobtread_csv,No,Yes,Yes,,,2026-03-14 20:10:03,2026-03-14 20:10:03,
203,c33f33f0-eca6-4d9c-83b7-9cfcbe441537,FLO-FLO-0203,1700,,Flooring,1700,Floor Transition Strips (per EA),,Each,25.0000,65.0000,61.54,material,,standard,direct,charleston_metro,1.0000,1.0000,1.0000,jobtread_csv,No,Yes,Yes,,,2026-03-14 20:10:03,2026-03-14 20:10:03,
204,db228691-57b6-4e39-8676-e778644a14e3,FLO-HAR-0204,1700,,Flooring,1700,Hardwood Flooring - Engineered (per SF),Better coastal humidity stability,Square Feet,5.5000,11.5000,52.17,material,,standard,direct,charleston_metro,1.0000,1.0000,1.0000,jobtread_csv,No,Yes,Yes,,,2026-03-14 20:10:03,2026-03-14 20:10:03,
205,b302cd71-dfc9-489c-a308-e136d5a5311c,FLO-HAR-0205,1700,,Flooring,1700,Hardwood Flooring - Solid Oak (per SF),"""3/4"""" solid unfinished""",Square Feet,6.5000,14.0000,53.57,material,,standard,direct,charleston_metro,1.0000,1.0000,1.0000,jobtread_csv,No,Yes,Yes,,,2026-03-14 20:10:03,2026-03-14 20:10:03,
206,6935838d-68ca-43a9-be66-0f822868e5f2,FLO-LAM-0206,1700,,Flooring,1700,Laminate Flooring (per SF),NOT recommended high humidity,Square Feet,2.8500,6.5000,56.15,material,,standard,direct,charleston_metro,1.0000,1.0000,1.0000,jobtread_csv,No,Yes,Yes,,,2026-03-14 20:10:03,2026-03-14 20:10:03,
207,492a4f2f-146e-4137-8460-66c59bd9bcc7,FLO-LUX-0207,1700,,Flooring,1700,Luxury Vinyl Plank (per SF),Waterproof - excellent coastal,Square Feet,3.5000,7.5000,53.33,material,,standard,direct,charleston_metro,1.0000,1.0000,1.0000,jobtread_csv,No,Yes,Yes,,,2026-03-14 20:10:03,2026-03-14 20:10:03,
208,2ef5bf0d-3d53-423f-b690-a7fa461094f1,FLO-LUX-0208,1700,,Flooring,1700,Luxury Vinyl Tile (per SF),,Square Feet,3.8500,8.0000,51.88,material,,standard,direct,charleston_metro,1.0000,1.0000,1.0000,jobtread_csv,No,Yes,Yes,,,2026-03-14 20:10:03,2026-03-14 20:10:03,
209,7f5b1e0f-3f0f-4391-be67-5b166a5599ad,FLO-TIL-0209,1700,,Flooring,1700,Tile Flooring - Ceramic (per SF),,Square Feet,4.5000,10.0000,55.00,material,,standard,direct,charleston_metro,1.0000,1.0000,1.0000,jobtread_csv,No,Yes,Yes,,,2026-03-14 20:10:03,2026-03-14 20:10:03,
210,3cd1f5d1-d91e-4ad6-954e-44d3b2a30e96,FLO-TIL-0210,1700,,Flooring,1700,Tile Flooring - Natural Stone (per SF),,Square Feet,12.5000,26.0000,51.92,material,,standard,direct,charleston_metro,1.0000,1.0000,1.0000,jobtread_csv,No,Yes,Yes,,,2026-03-14 20:10:03,2026-03-14 20:10:03,
211,b8a90f5b-2db3-4148-95b6-7238be7d4d2c,FLO-TIL-0211,1700,,Flooring,1700,Tile Flooring - Porcelain (per SF),,Square Feet,6.5000,13.5000,51.85,material,,standard,direct,charleston_metro,1.0000,1.0000,1.0000,jobtread_csv,No,Yes,Yes,,,2026-03-14 20:10:03,2026-03-14 20:10:03,
212,e21225be-f173-4e99-a4e0-ecfc4bd98be7,FLO-TIL-0212,1700,,Flooring,1700,Tile Underlayment - DITRA (per SF),Waterproof membrane,Square Feet,2.8500,5.5000,48.18,material,,standard,direct,charleston_metro,1.0000,1.0000,1.0000,jobtread_csv,No,Yes,Yes,,,2026-03-14 20:10:03,2026-03-14 20:10:03,
213,bf05e0e8-da73-4ecf-bdf8-398c3c80005d,FOU-ANC-0213,600,,Foundation & Concrete,600,"""Anchor Bolts - 1/2"""" x 12"""" (per EA)""",IRC R403.1.6; Spacing per wind zone,Each,2.5000,4.0000,37.50,material,,standard,direct,charleston_metro,1.0000,1.0000,1.0000,jobtread_csv,No,Yes,Yes,,,2026-03-14 20:10:03,2026-03-14 20:10:03,
214,24788bb1-33b1-4d26-8815-ba33fd7235a8,FOU-ANC-0214,600,,Foundation & Concrete,600,"""Anchor Bolts - 1/2"""" x 12"""" SS316 (per EA)""",IRC R403.1.6; Required within 3000ft saltwater,Each,8.5000,13.0800,35.02,material,,standard,direct,charleston_metro,1.0000,1.0000,1.0000,jobtread_csv,No,Yes,Yes,,,2026-03-14 20:10:03,2026-03-14 20:10:03,
215,8ca36ff0-72b4-4b18-8518-fb822ae879d4,FOU-CON-0215,600,,Foundation & Concrete,600,Concrete - High Strength 4000 PSI (per CY),ACI 318; Required coastal/marine applications,Each,185.0000,284.6200,35.00,material,,standard,direct,charleston_metro,1.0000,1.0000,1.0000,jobtread_csv,No,Yes,Yes,,,2026-03-14 20:10:03,2026-03-14 20:10:03,
216,40d7014e-c4e7-4448-a33a-aff9d563aa80,FOU-CON-0216,600,,Foundation & Concrete,600,Concrete - Ready Mix (per CY),ACI 318; 4000 PSI recommended coastal slabs,Each,165.0000,253.8500,35.00,material,,standard,direct,charleston_metro,1.0000,1.0000,1.0000,jobtread_csv,No,Yes,Yes,,,2026-03-14 20:10:03,2026-03-14 20:10:03,
217,ba96d8e3-9813-40df-83a0-a12eec1d5460,FOU-CON-0217,600,,Foundation & Concrete,600,Concrete - Sulfate Resistant Type II/V (per CY),ACI 318; Required high-sulfate soil conditions,Each,195.0000,300.0000,35.00,material,,standard,direct,charleston_metro,1.0000,1.0000,1.0000,jobtread_csv,No,Yes,Yes,,,2026-03-14 20:10:03,2026-03-14 20:10:03,
218,96bf1772-935b-4319-94fa-a826bbd84495,FOU-CON-0218,600,,Foundation & Concrete,600,Concrete Footings - Continuous (per LF),IRC R403; Depth per frost line 12in min SC,Linear Feet,18.0000,30.0000,40.00,material,,standard,direct,charleston_metro,1.0000,1.0000,1.0000,jobtread_csv,No,Yes,Yes,,,2026-03-14 20:10:03,2026-03-14 20:10:03,
219,ac4a8742-ee83-46eb-99b9-05c53755ec3b,FOU-CON-0219,600,,Foundation & Concrete,600,Concrete Footings - Spread (per EA),IRC R403; 24x24x12in,Each,185.0000,310.0000,40.32,material,,standard,direct,charleston_metro,1.0000,1.0000,1.0000,jobtread_csv,No,Yes,Yes,,,2026-03-14 20:10:03,2026-03-14 20:10:03,
220,fd94cb02-4cdb-4339-aec0-ec244d17a8da,FOU-CON-0220,600,,Foundation & Concrete,600,"""Concrete Slab on Grade - 4"""" (per SF)""",IRC R506; NOT recommended V/VE flood zones,Square Feet,4.5000,8.0000,43.75,material,,standard,direct,charleston_metro,1.0000,1.0000,1.0000,jobtread_csv,No,Yes,Yes,,,2026-03-14 20:10:03,2026-03-14 20:10:03,
221,07eb2b4f-239f-4870-8579-56afe4c855f5,FOU-CON-0221,600,,Foundation & Concrete,600,"""Concrete Slab on Grade - 6"""" (per SF)""",IRC R506; ACI 318,Square Feet,6.0000,10.0000,40.00,material,,standard,direct,charleston_metro,1.0000,1.0000,1.0000,jobtread_csv,No,Yes,Yes,,,2026-03-14 20:10:04,2026-03-14 20:10:04,
222,81ddf091-bd7a-4100-b84f-caec7d059721,FOU-CRA-0222,600,,Foundation & Concrete,600,Crawl Space Encapsulation (per SF),IRC R408; Energy Code; Recommended humid coastal,Square Feet,4.5000,7.5000,40.00,material,,standard,direct,charleston_metro,1.0000,1.0000,1.0000,jobtread_csv,No,Yes,Yes,,,2026-03-14 20:10:04,2026-03-14 20:10:04,
223,2fe4e503-22a7-4ba1-9a84-0b693b28165d,FOU-CRA-0223,600,,Foundation & Concrete,600,Crawl Space Foundation - Brick/Block Piers,IRC R408; Min 18in clearance required,Square Feet,8.0000,14.0000,42.86,material,,standard,direct,charleston_metro,1.0000,1.0000,1.0000,jobtread_csv,No,Yes,Yes,,,2026-03-14 20:10:04,2026-03-14 20:10:04,
224,0d943113-077e-4fe5-95e3-850dfed2eac5,FOU-FOU-0224,600,,Foundation & Concrete,600,Foundation - Breakaway Wall System (per SF),FEMA TB-9; NFIP; REQUIRED V/VE zones below BFE,Square Feet,12.0000,18.4600,34.99,material,,standard,direct,charleston_metro,1.0000,1.0000,1.0000,jobtread_csv,No,Yes,Yes,,,2026-03-14 20:10:04,2026-03-14 20:10:04,
225,f839e246-3cac-42ba-9a06-6cea2776a749,FOU-FOU-0225,600,,Foundation & Concrete,600,Foundation - Engineered Flood Vents ICC-ES (per EA),FEMA TB-1; ICC-ES ESR; Meets 1 sq in/sq ft requirement,Each,185.0000,285.0000,35.09,material,,standard,direct,charleston_metro,1.0000,1.0000,1.0000,jobtread_csv,No,Yes,Yes,,,2026-03-14 20:10:04,2026-03-14 20:10:04,
226,2362a5ab-397f-4423-b12b-b3dc3096efe3,FOU-FOU-0226,600,,Foundation & Concrete,600,Foundation - Flood Vents (per EA),FEMA; NFIP; Required A-Zone enclosed areas below DFE,Each,85.0000,165.0000,48.48,material,,standard,direct,charleston_metro,1.0000,1.0000,1.0000,jobtread_csv,No,Yes,Yes,,,2026-03-14 20:10:04,2026-03-14 20:10:04,
227,8afb1eed-e27a-48c0-9d12-29015de4d4df,FOU-FOU-0227,600,,Foundation & Concrete,600,Foundation Wall - Concrete Block (CMU) (per SF),IRC R404,Square Feet,12.0000,20.0000,40.00,material,,standard,direct,charleston_metro,1.0000,1.0000,1.0000,jobtread_csv,No,Yes,Yes,,,2026-03-14 20:10:04,2026-03-14 20:10:04,
228,a49e44d7-9d1b-4fba-9793-875bb1c73228,FOU-FOU-0228,600,,Foundation & Concrete,600,"""Foundation Wall - Poured Concrete (per LF, 8ft)""",IRC R404; With waterproofing,Linear Feet,95.0000,160.0000,40.63,material,,standard,direct,charleston_metro,1.0000,1.0000,1.0000,jobtread_csv,No,Yes,Yes,,,2026-03-14 20:10:04,2026-03-14 20:10:04,
229,d2ada782-91f9-46ec-b22d-ec9becb1b800,FOU-HEL-0229,600,,Foundation & Concrete,600,Helical Pier / Screw Pile (per pier),ICC ESR; Geotech; Underpinning poor soil conditions,Each,1500.0000,2307.6900,35.00,material,,standard,direct,charleston_metro,1.0000,1.0000,1.0000,jobtread_csv,No,Yes,Yes,,,2026-03-14 20:10:04,2026-03-14 20:10:04,
230,450deffa-785a-46f0-88de-9662d7c295ee,FOU-HOU-0230,600,,Foundation & Concrete,600,House Elevation - Assessment & Engineering,FEMA; ASCE 24; Required for substantial improvement,Each,2500.0000,4500.0000,44.44,material,,standard,direct,charleston_metro,1.0000,1.0000,1.0000,jobtread_csv,No,Yes,Yes,,,2026-03-14 20:10:04,2026-03-14 20:10:04,
231,688880a9-bcb1-4eae-a5a6-9f360ef51902,FOU-HOU-0231,600,,Foundation & Concrete,600,House Elevation - Hydraulic Lift (per SF),"""FEMA; NFIP ICC coverage up to $30,000 available""",Square Feet,35.0000,65.0000,46.15,material,,standard,direct,charleston_metro,1.0000,1.0000,1.0000,jobtread_csv,No,Yes,Yes,,,2026-03-14 20:10:04,2026-03-14 20:10:04,
232,fe257424-9b77-449c-b48b-91ba35b6cafe,FOU-PIL-0232,600,,Foundation & Concrete,600,Piling Cap Beam - Concrete (per LF),ASCE 24; Load transfer between pilings,Linear Feet,85.0000,140.0000,39.29,material,,standard,direct,charleston_metro,1.0000,1.0000,1.0000,jobtread_csv,No,Yes,Yes,,,2026-03-14 20:10:04,2026-03-14 20:10:04,
233,4b084071-7794-4390-bd74-3dd7acae188c,FOU-PIL-0233,600,,Foundation & Concrete,600,Piling Foundation - CCA Treated Wood (per pile),IRC R403; FEMA TB-5; ASCE 24; REQUIRED V/VE zones,Each,850.0000,1500.0000,43.33,material,,standard,direct,charleston_metro,1.0000,1.0000,1.0000,jobtread_csv,No,Yes,Yes,,,2026-03-14 20:10:04,2026-03-14 20:10:04,
234,196d96fa-7434-46c8-a9d6-743692ad85bc,FOU-PIL-0234,600,,Foundation & Concrete,600,Piling Foundation - Concrete (per pile),ASCE 24; FEMA TB-5; Preferred high-salinity coastal,Each,1200.0000,2050.0000,41.46,material,,standard,direct,charleston_metro,1.0000,1.0000,1.0000,jobtread_csv,No,Yes,Yes,,,2026-03-14 20:10:04,2026-03-14 20:10:04,
235,14fccd15-4f38-4475-abe7-7d835f708e6b,FOU-REB-0235,600,,Foundation & Concrete,600,"""Rebar - #4 (1/2"""") (per LF)""",ACI 318,Linear Feet,0.8500,1.3100,35.11,material,,standard,direct,charleston_metro,1.0000,1.0000,1.0000,jobtread_csv,No,Yes,Yes,,,2026-03-14 20:10:04,2026-03-14 20:10:04,
236,75154e0c-843c-4753-9b0e-09be0d891b22,FOU-REB-0236,600,,Foundation & Concrete,600,Rebar - #4 Epoxy Coated (per LF),ACI 318; Recommended salt-air coastal environments,Linear Feet,1.2500,1.9200,34.90,material,,standard,direct,charleston_metro,1.0000,1.0000,1.0000,jobtread_csv,No,Yes,Yes,,,2026-03-14 20:10:04,2026-03-14 20:10:04,
237,3d6580f6-083f-4613-8fce-58e2a3e2d33e,FOU-TER-0237,600,,Foundation & Concrete,600,Termite Baiting System (per EA),IRC R318; Annual monitoring recommended,Each,1200.0000,1846.1500,35.00,material,,standard,direct,charleston_metro,1.0000,1.0000,1.0000,jobtread_csv,No,Yes,Yes,,,2026-03-14 20:10:04,2026-03-14 20:10:04,
238,64100682-c920-498a-8f48-d72a5b8587b3,FOU-TER-0238,600,,Foundation & Concrete,600,Termite Pre-Treatment - Soil (per SF),IRC R318; SC Pest Control; Critical SC coastal,Square Feet,0.8500,1.3100,35.11,material,,standard,direct,charleston_metro,1.0000,1.0000,1.0000,jobtread_csv,No,Yes,Yes,,,2026-03-14 20:10:04,2026-03-14 20:10:04,
239,390dbe4b-d23e-44b7-8396-859e1a11dbcb,FOU-VAP-0239,600,,Foundation & Concrete,600,Vapor Barrier - Crawl Space (per SF),IRC R408.3; Required all crawl spaces SC,Square Feet,0.3500,0.6000,41.67,material,,standard,direct,charleston_metro,1.0000,1.0000,1.0000,jobtread_csv,No,Yes,Yes,,,2026-03-14 20:10:04,2026-03-14 20:10:04,
240,335e7017-1681-4668-9e9d-1ce1c4f4da06,FOU-WAT-0240,600,,Foundation & Concrete,600,Waterproofing - Foundation Exterior (per SF),IRC R406; Required below-grade walls,Square Feet,3.5000,6.0000,41.67,material,,standard,direct,charleston_metro,1.0000,1.0000,1.0000,jobtread_csv,No,Yes,Yes,,,2026-03-14 20:10:04,2026-03-14 20:10:04,
241,259083b2-a03b-4bca-9241-c65048c875aa,FRA-ADV-0241,700,,Framing & Structural,700,"""AdvanTech Subfloor - 3/4"""" (per SF)""",IRC R503; Highly recommended coastal humidity,Square Feet,1.8500,2.8500,35.09,material,,standard,direct,charleston_metro,1.0000,1.0000,1.0000,jobtread_csv,No,Yes,Yes,,,2026-03-14 20:10:04,2026-03-14 20:10:04,
242,f9c0a145-fadb-4c40-89e0-de85ef5731ec,FRA-BLO-0242,700,,Framing & Structural,700,Blocking - Fire / Draft Stop (per LF),"""IRC R302.11; Required floor lines, top walls""",Linear Feet,2.5000,6.0000,58.33,material,,standard,direct,charleston_metro,1.0000,1.0000,1.0000,jobtread_csv,No,Yes,Yes,,,2026-03-14 20:10:04,2026-03-14 20:10:04,
243,1f4b116d-9e61-459b-bf97-0011b02e9cbb,FRA-BRE-0243,700,,Framing & Structural,700,Breakaway Wall Panels (per SF),FEMA TB-9; NFIP; REQUIRED V/VE below BFE,Square Feet,12.0000,18.4600,34.99,material,,standard,direct,charleston_metro,1.0000,1.0000,1.0000,jobtread_csv,No,Yes,Yes,,,2026-03-14 20:10:04,2026-03-14 20:10:04,
244,94a641bc-8b29-436c-b3e3-c1e06af8776a,FRA-CON-0244,700,,Framing & Structural,700,Continuous Load Path Hardware HTT (per EA),IRC R602; WFCM; Critical uplift resistance coastal,Each,45.0000,70.0000,35.71,material,,standard,direct,charleston_metro,1.0000,1.0000,1.0000,jobtread_csv,No,Yes,Yes,,,2026-03-14 20:10:04,2026-03-14 20:10:04,
245,e4fb38fb-a1bf-44ce-87b1-b6612b9c3208,FRA-ELE-0245,700,,Framing & Structural,700,Elevated Structure Framing - Piling to Floor (per SF),ASCE 24; FEMA TB-5; Required V/VE zones,Square Feet,8.5000,14.5000,41.38,material,,standard,direct,charleston_metro,1.0000,1.0000,1.0000,jobtread_csv,No,Yes,Yes,,,2026-03-14 20:10:04,2026-03-14 20:10:04,
246,c0296bfe-d3e9-40d5-bbf1-f40afb43b553,FRA-FLO-0246,700,,Framing & Structural,700,Floor Framing - Dimensional Lumber 2x10 (per SF),IRC R502,Square Feet,3.8000,6.6000,42.42,material,,standard,direct,charleston_metro,1.0000,1.0000,1.0000,jobtread_csv,No,Yes,Yes,,,2026-03-14 20:10:04,2026-03-14 20:10:04,
247,769e1388-711b-4297-8195-aecd43331279,FRA-FLO-0247,700,,Framing & Structural,700,Floor Framing - TJI Joists (per SF),IRC R502; Manufacturer Specs; Preferred spans >12ft,Square Feet,4.8000,8.0000,40.00,material,,standard,direct,charleston_metro,1.0000,1.0000,1.0000,jobtread_csv,No,Yes,Yes,,,2026-03-14 20:10:04,2026-03-14 20:10:04,
248,56df9bec-0873-4e31-9cc7-79cfcbff7523,FRA-FRA-0248,700,,Framing & Structural,700,Framing Nails - Hot-Dip Galvanized (per LB),IRC R317; Required PT lumber contact,Pounds,3.8500,5.9200,34.97,material,,standard,direct,charleston_metro,1.0000,1.0000,1.0000,jobtread_csv,No,Yes,Yes,,,2026-03-14 20:10:04,2026-03-14 20:10:04,
249,a69c8ea8-8e35-44f4-9852-72da27d2d03c,FRA-FRA-0249,700,,Framing & Structural,700,Framing Nails - SS316 (per LB),IRC R317; Required ACQ lumber coastal applications,Pounds,28.5000,43.8500,35.01,material,,standard,direct,charleston_metro,1.0000,1.0000,1.0000,jobtread_csv,No,Yes,Yes,,,2026-03-14 20:10:04,2026-03-14 20:10:04,
250,532b9d29-72cf-4001-bd11-d61083def0de,FRA-GAB-0250,700,,Framing & Structural,700,Gable End Bracing - Retrofit (per EA),IRC R802.11.1; ASCE 7; Required high-wind gable roofs,Each,185.0000,350.0000,47.14,material,,standard,direct,charleston_metro,1.0000,1.0000,1.0000,jobtread_csv,No,Yes,Yes,,,2026-03-14 20:10:04,2026-03-14 20:10:04,
251,d82566a8-56ed-4e32-bc57-8c433a2d1034,FRA-GLU-0251,700,,Framing & Structural,700,"""Glulam Beam - 3.125"""" x 12"""" (per LF)""",IRC R802; Common coastal open living areas,Linear Feet,32.0000,49.2300,35.00,material,,standard,direct,charleston_metro,1.0000,1.0000,1.0000,jobtread_csv,No,Yes,Yes,,,2026-03-14 20:10:04,2026-03-14 20:10:04,
252,c2ff84c7-e1c4-4c1f-b049-67ee68962a85,FRA-HOL-0252,700,,Framing & Structural,700,Hold-Down Hardware HDU (per EA),IRC R602.10; ASCE 7; Shear wall hold-downs,Each,65.0000,100.0000,35.00,material,,standard,direct,charleston_metro,1.0000,1.0000,1.0000,jobtread_csv,No,Yes,Yes,,,2026-03-14 20:10:04,2026-03-14 20:10:04,
253,70dc08b3-9e46-4d25-945c-17ed56c00761,FRA-HUR-0253,700,,Framing & Structural,700,Hurricane Straps - Double Shear H10 (per EA),WFCM; ASCE 7; Required VE zones high-wind,Each,6.5000,10.0000,35.00,material,,standard,direct,charleston_metro,1.0000,1.0000,1.0000,jobtread_csv,No,Yes,Yes,,,2026-03-14 20:10:04,2026-03-14 20:10:04,
254,d10ca314-e069-4eaa-9f38-f563cf1aae13,FRA-HUR-0254,700,,Framing & Structural,700,Hurricane Straps - H10 SS316 (per EA),IRC R802.11; 316SS within 3000ft saltwater,Each,18.5000,28.4600,35.00,material,,standard,direct,charleston_metro,1.0000,1.0000,1.0000,jobtread_csv,No,Yes,Yes,,,2026-03-14 20:10:04,2026-03-14 20:10:04,
255,31977a0f-41ea-4a9d-b04c-561e88c445a9,FRA-HUR-0255,700,,Framing & Structural,700,Hurricane Straps - H10A Triple Zinc (per EA),IRC R802.11; Triple zinc coating coastal,Each,8.5000,13.0800,35.02,material,,standard,direct,charleston_metro,1.0000,1.0000,1.0000,jobtread_csv,No,Yes,Yes,,,2026-03-14 20:10:04,2026-03-14 20:10:04,
256,5897b849-bf2c-4625-8228-512a8e7ca8a6,FRA-HUR-0256,700,,Framing & Structural,700,Hurricane Straps / Clips - H2.5A (per EA),IRC R802.11; WFCM; MANDATORY coastal SC 130-150 mph,Each,3.5000,6.0000,41.67,material,,standard,direct,charleston_metro,1.0000,1.0000,1.0000,jobtread_csv,No,Yes,Yes,,,2026-03-14 20:10:04,2026-03-14 20:10:04,
257,b4e80ca7-9057-4d4d-8fd2-d6b4e1522be6,FRA-LVL-0257,700,,Framing & Structural,700,"""LVL Beam - 3.5"""" x 11.875"""" (per LF)""",IRC R602.7,Linear Feet,28.0000,43.0800,35.00,material,,standard,direct,charleston_metro,1.0000,1.0000,1.0000,jobtread_csv,No,Yes,Yes,,,2026-03-14 20:10:04,2026-03-14 20:10:04,
258,15b54f87-4540-46a6-a2a9-387902ac95ac,FRA-LVL-0258,700,,Framing & Structural,700,"""LVL Beam - 3.5"""" x 9.5"""" (per LF)""",IRC R602.7,Linear Feet,22.0000,33.8500,35.01,material,,standard,direct,charleston_metro,1.0000,1.0000,1.0000,jobtread_csv,No,Yes,Yes,,,2026-03-14 20:10:04,2026-03-14 20:10:04,
259,64fb8c25-54a5-4730-bfc8-64597b83f576,FRA-OSB-0259,700,,Framing & Structural,700,"""OSB Sheathing - 5/8"""" Roof (per SF)""",IRC R803; 5/8in min high-wind per WFCM,Square Feet,0.9500,1.7000,44.12,material,,standard,direct,charleston_metro,1.0000,1.0000,1.0000,jobtread_csv,No,Yes,Yes,,,2026-03-14 20:10:04,2026-03-14 20:10:04,
260,d970edc0-f9a3-4758-84cf-3d38a0bcaf8c,FRA-OSB-0260,700,,Framing & Structural,700,"""OSB Sheathing - 7/16"""" Wall (per SF)""",IRC R602.10; WFCM,Square Feet,0.6800,1.5300,55.56,material,,standard,direct,charleston_metro,1.0000,1.0000,1.0000,jobtread_csv,No,Yes,Yes,,,2026-03-14 20:10:04,2026-03-14 20:10:04,
261,eb9e27cc-8ab1-44cd-8554-0074c159cf05,FRA-PLY-0261,700,,Framing & Structural,700,"""Plywood Sheathing - 3/4"""" Floor (per SF)""",IRC R503; Glue and nail per specs,Square Feet,1.4500,2.3000,36.96,material,,standard,direct,charleston_metro,1.0000,1.0000,1.0000,jobtread_csv,No,Yes,Yes,,,2026-03-14 20:10:04,2026-03-14 20:10:04,
262,dda37bc3-d63d-4d58-a23b-44cf505273f9,FRA-RIN-0262,700,,Framing & Structural,700,Ring Shank Nails - 8d Roof Sheathing (per LB),IRC R803; WFCM; Superior withdrawal resistance,Pounds,4.5000,6.9200,34.97,material,,standard,direct,charleston_metro,1.0000,1.0000,1.0000,jobtread_csv,No,Yes,Yes,,,2026-03-14 20:10:04,2026-03-14 20:10:04,
263,7b384413-1dd0-4c64-ab30-9f6f9ae9e008,FRA-ROO-0263,700,,Framing & Structural,700,Roof Framing - Conventional (per SF of roof),IRC R802,Square Feet,4.5000,10.0000,55.00,material,,standard,direct,charleston_metro,1.0000,1.0000,1.0000,jobtread_csv,No,Yes,Yes,,,2026-03-14 20:10:04,2026-03-14 20:10:04,
264,bcc16c40-af4f-46f2-872a-06c295824791,FRA-ROO-0264,700,,Framing & Structural,700,Roof Framing - Engineered Trusses (per SF),IRC R802; Truss Mfr Specs; PE-stamped drawings required,Square Feet,3.5000,6.0000,41.67,material,,standard,direct,charleston_metro,1.0000,1.0000,1.0000,jobtread_csv,No,Yes,Yes,,,2026-03-14 20:10:04,2026-03-14 20:10:04,
265,085c70f6-7f36-4dc5-b430-86bacef32437,FRA-STA-0265,700,,Framing & Structural,700,Stair Framing - L-Shape or Winder (per EA),IRC R311.7,Each,1200.0000,2100.0000,42.86,material,,standard,direct,charleston_metro,1.0000,1.0000,1.0000,jobtread_csv,No,Yes,Yes,,,2026-03-14 20:10:04,2026-03-14 20:10:04,
266,5fb7024e-6a6a-48df-9243-79c9d4a23502,FRA-STA-0266,700,,Framing & Structural,700,Stair Framing - Straight Run (per EA),IRC R311.7,Each,850.0000,1500.0000,43.33,material,,standard,direct,charleston_metro,1.0000,1.0000,1.0000,jobtread_csv,No,Yes,Yes,,,2026-03-14 20:10:04,2026-03-14 20:10:04,
267,00eda7f1-a533-4864-b2df-8ff074384fb0,FRA-STR-0267,700,,Framing & Structural,700,Structural Columns - LVL/PSL (per LF),IRC R602,Linear Feet,28.0000,43.0800,35.00,material,,standard,direct,charleston_metro,1.0000,1.0000,1.0000,jobtread_csv,No,Yes,Yes,,,2026-03-14 20:10:04,2026-03-14 20:10:04,
268,b3e2b1ec-ece0-4e75-8dba-c3905bbfb796,FRA-STR-0268,700,,Framing & Structural,700,Structural Columns - Steel (per LF),AISC; IRC R606; Open floor plans elevated structures,Linear Feet,65.0000,110.0000,40.91,material,,standard,direct,charleston_metro,1.0000,1.0000,1.0000,jobtread_csv,No,Yes,Yes,,,2026-03-14 20:10:04,2026-03-14 20:10:04,
269,13de1eb8-0c88-4f94-9148-3b347c7122d4,FRA-STR-0269,700,,Framing & Structural,700,Structural Ridge Beam - LVL (per LF),IRC R802; Required open-plan roofs,Linear Feet,18.0000,30.0000,40.00,material,,standard,direct,charleston_metro,1.0000,1.0000,1.0000,jobtread_csv,No,Yes,Yes,,,2026-03-14 20:10:04,2026-03-14 20:10:04,
270,5173d36c-295b-489c-a8a9-20070c95eb79,FRA-TRE-0270,700,,Framing & Structural,700,Treated Sill Plate - 2x6 ACQ (per LF),IRC R317; ACQ preservative; Use SS316 fasteners,Linear Feet,3.5000,5.5000,36.36,material,,standard,direct,charleston_metro,1.0000,1.0000,1.0000,jobtread_csv,No,Yes,Yes,,,2026-03-14 20:10:04,2026-03-14 20:10:04,
271,059991a3-5c7f-4003-9a74-3a1efa7ee98a,FRA-TRE-0271,700,,Framing & Structural,700,Treated Sill Plate - 2x6 PT (per LF),IRC R317; R403.1.6; CCA treatment coastal,Linear Feet,3.2000,5.2000,38.46,material,,standard,direct,charleston_metro,1.0000,1.0000,1.0000,jobtread_csv,No,Yes,Yes,,,2026-03-14 20:10:04,2026-03-14 20:10:04,
272,ba2283e7-7b2b-41c1-b6b5-12adf4dbc1dc,FRA-WAL-0272,700,,Framing & Structural,700,Wall Framing - Exterior 2x6 (per SF of wall),IRC R602; AWC WFCM; 2x6 required R-20 SC energy code,Square Feet,3.2000,7.7000,58.44,material,,standard,direct,charleston_metro,1.0000,1.0000,1.0000,jobtread_csv,No,Yes,Yes,,,2026-03-14 20:10:04,2026-03-14 20:10:04,
273,527de6e3-1ffd-4881-92f9-cacff78f9ae5,FRA-WAL-0273,700,,Framing & Structural,700,Wall Framing - Interior 2x4 (per SF of wall),IRC R602,Square Feet,2.2000,5.7000,61.40,material,,standard,direct,charleston_metro,1.0000,1.0000,1.0000,jobtread_csv,No,Yes,Yes,,,2026-03-14 20:10:04,2026-03-14 20:10:04,
274,e04999a1-9a2c-4543-ae45-254246fd1d46,FRA-ZIP-0274,700,,Framing & Structural,700,"""ZIP System Sheathing - 7/16"""" (per SF)""",IRC R602; Energy Code; Preferred coastal SC moisture/air barrier,Square Feet,1.1500,2.0500,43.90,material,,standard,direct,charleston_metro,1.0000,1.0000,1.0000,jobtread_csv,No,Yes,Yes,,,2026-03-14 20:10:05,2026-03-14 20:10:05,
275,ec9e757a-d3ea-4ef5-bd6c-9bab5b7c4b1c,GEN-ERO-0275,100,,General Conditions,100,Erosion Control - Silt Fence Installation,SC DHEC; IRC R401; Required >0.5 acre disturbance,Linear Feet,1.2000,2.7000,55.56,material,,standard,direct,charleston_metro,1.0000,1.0000,1.0000,jobtread_csv,No,Yes,Yes,,,2026-03-14 20:10:05,2026-03-14 20:10:05,
276,e0a543fc-d3c5-4e68-b6a3-0b9f43e05e42,GEN-TEM-0276,100,,General Conditions,100,Temporary Power (Electrical Service - Construction),NEC 590; Required before framing begins,Each,350.0000,800.0000,56.25,material,,standard,direct,charleston_metro,1.0000,1.0000,1.0000,jobtread_csv,No,Yes,Yes,,,2026-03-14 20:10:05,2026-03-14 20:10:05,
277,c0bb0f9e-40d7-49a2-933a-517a68c634a0,GEN-TRE-0277,100,,General Conditions,100,Tree Protection Fencing,Local Tree Ordinance; Required most Charleston-area municipalities,Linear Feet,2.5000,5.5000,54.55,material,,standard,direct,charleston_metro,1.0000,1.0000,1.0000,jobtread_csv,No,Yes,Yes,,,2026-03-14 20:10:05,2026-03-14 20:10:05,
278,a610eb11-2cb3-4793-aaf8-b42cca29a3dd,INS-AIR-0278,1300,,Insulation & Air Sealing,1300,Air Sealing - Rough-In (per SF),"""IECC 2021; Penetrations, plates, joints""",Square Feet,0.3500,0.8000,56.25,material,,standard,direct,charleston_metro,1.0000,1.0000,1.0000,jobtread_csv,No,Yes,Yes,,,2026-03-14 20:10:05,2026-03-14 20:10:05,
279,fa2fd8c8-8137-4cb9-8bd5-a32137598132,INS-BAT-0279,1300,,Insulation & Air Sealing,1300,Batt Insulation - R-15 Walls (per SF),IECC 2021; SC Energy Code; R-15 cavity or R-13+R-5 CI,Square Feet,0.6500,1.2000,45.83,material,,standard,direct,charleston_metro,1.0000,1.0000,1.0000,jobtread_csv,No,Yes,Yes,,,2026-03-14 20:10:05,2026-03-14 20:10:05,
280,25954ea8-d9e0-42f6-9202-9f6711c417a9,INS-BAT-0280,1300,,Insulation & Air Sealing,1300,Batt Insulation - R-20 Walls (per SF),IECC 2021; Required 2x6 exterior walls coastal SC,Square Feet,0.8500,1.4000,39.29,material,,standard,direct,charleston_metro,1.0000,1.0000,1.0000,jobtread_csv,No,Yes,Yes,,,2026-03-14 20:10:05,2026-03-14 20:10:05,
281,ba2fdda0-633e-40fa-9df3-fd35d718eba8,INS-BAT-0281,1300,,Insulation & Air Sealing,1300,Batt Insulation - R-30 Attic (per SF),IECC 2021,Square Feet,0.9500,1.4600,34.93,material,,standard,direct,charleston_metro,1.0000,1.0000,1.0000,jobtread_csv,No,Yes,Yes,,,2026-03-14 20:10:05,2026-03-14 20:10:05,
282,14eda738-4219-43cb-adaa-b53a7996f14f,INS-BLO-0282,1300,,Insulation & Air Sealing,1300,Blown-In Insulation - R-38 Attic (per SF),IECC 2021; R-38 min vented attics Climate Zone 3A,Square Feet,1.2500,1.9200,34.90,material,,standard,direct,charleston_metro,1.0000,1.0000,1.0000,jobtread_csv,No,Yes,Yes,,,2026-03-14 20:10:05,2026-03-14 20:10:05,
283,8a4f91fe-0aef-48ff-8254-ca032747ce5a,INS-BLO-0283,1300,,Insulation & Air Sealing,1300,Blown-In Insulation - R-49 Attic (per SF),IECC 2021; Enhanced performance,Square Feet,1.6500,2.5400,35.04,material,,standard,direct,charleston_metro,1.0000,1.0000,1.0000,jobtread_csv,No,Yes,Yes,,,2026-03-14 20:10:05,2026-03-14 20:10:05,
284,9ee477ad-89c3-480e-8c70-7dba44c6f056,INS-INS-0284,1300,,Insulation & Air Sealing,1300,Insulation - Crawl Space Walls R-10 (per SF),IECC 2021; Conditioned crawl,Square Feet,2.5000,3.8500,35.06,material,,standard,direct,charleston_metro,1.0000,1.0000,1.0000,jobtread_csv,No,Yes,Yes,,,2026-03-14 20:10:05,2026-03-14 20:10:05,
285,46763dde-7418-4739-a6ea-5fe0ac1dd134,INS-INS-0285,1300,,Insulation & Air Sealing,1300,Insulation - Elevated Floor R-19 (per SF),IECC 2021; Elevated coastal structures,Square Feet,1.2500,1.9200,34.90,material,,standard,direct,charleston_metro,1.0000,1.0000,1.0000,jobtread_csv,No,Yes,Yes,,,2026-03-14 20:10:05,2026-03-14 20:10:05,
286,03c3024f-57ac-4589-be1d-88477fea0af0,INS-INS-0286,1300,,Insulation & Air Sealing,1300,Insulation - Elevated Floor R-30 (per SF),IECC 2021; Enhanced elevated floor,Square Feet,1.8500,2.8500,35.09,material,,standard,direct,charleston_metro,1.0000,1.0000,1.0000,jobtread_csv,No,Yes,Yes,,,2026-03-14 20:10:05,2026-03-14 20:10:05,
287,915e1ec2-36ba-444b-89ed-88c720225c6d,INS-INS-0287,1300,,Insulation & Air Sealing,1300,Insulation - Under Slab R-10 (per SF),IECC 2021,Square Feet,1.8500,2.8500,35.09,material,,standard,direct,charleston_metro,1.0000,1.0000,1.0000,jobtread_csv,No,Yes,Yes,,,2026-03-14 20:10:05,2026-03-14 20:10:05,
288,c5a609ef-19f7-433b-96da-fc79ae88c6c2,INS-RIG-0288,1300,,Insulation & Air Sealing,1300,"""Rigid Foam - Polyiso 1"""" (per SF)""",IECC 2021; Higher R-value per inch,Square Feet,0.9500,1.4600,34.93,material,,standard,direct,charleston_metro,1.0000,1.0000,1.0000,jobtread_csv,No,Yes,Yes,,,2026-03-14 20:10:05,2026-03-14 20:10:05,
289,dc7682fa-3ed2-4087-b7bf-3ad33bf44ac7,INS-RIG-0289,1300,,Insulation & Air Sealing,1300,"""Rigid Foam - Polyiso 2"""" (per SF)""",IECC 2021,Square Feet,1.8500,2.8500,35.09,material,,standard,direct,charleston_metro,1.0000,1.0000,1.0000,jobtread_csv,No,Yes,Yes,,,2026-03-14 20:10:05,2026-03-14 20:10:05,
290,3c9c66b4-d49a-4ab1-aabf-b01bbadc29c2,INS-RIG-0290,1300,,Insulation & Air Sealing,1300,"""Rigid Foam - XPS 1"""" (per SF)""",IECC 2021,Square Feet,0.8500,1.3100,35.11,material,,standard,direct,charleston_metro,1.0000,1.0000,1.0000,jobtread_csv,No,Yes,Yes,,,2026-03-14 20:10:05,2026-03-14 20:10:05,
291,eab9d1b6-f58a-4647-ac89-683da3f10d0e,INS-RIG-0291,1300,,Insulation & Air Sealing,1300,"""Rigid Foam - XPS 2"""" (per SF)""",IECC 2021,Square Feet,1.4500,2.2300,34.98,material,,standard,direct,charleston_metro,1.0000,1.0000,1.0000,jobtread_csv,No,Yes,Yes,,,2026-03-14 20:10:05,2026-03-14 20:10:05,
292,1f810822-ec0b-4a72-b391-9f70954be289,INS-SPR-0292,1300,,Insulation & Air Sealing,1300,"""Spray Foam - Closed Cell (per SF, 2"""")""",IECC 2021; IRC R316; Vapor barrier and air sealing,Square Feet,2.8500,4.3800,34.93,material,,standard,direct,charleston_metro,1.0000,1.0000,1.0000,jobtread_csv,No,Yes,Yes,,,2026-03-14 20:10:05,2026-03-14 20:10:05,
293,4c1719d7-4028-44c3-be71-c49539ded744,INS-SPR-0293,1300,,Insulation & Air Sealing,1300,"""Spray Foam - Closed Cell (per SF, 3"""")""",IECC 2021; IRC R316; Enhanced thermal and moisture,Square Feet,4.2500,6.5400,35.02,material,,standard,direct,charleston_metro,1.0000,1.0000,1.0000,jobtread_csv,No,Yes,Yes,,,2026-03-14 20:10:05,2026-03-14 20:10:05,
294,57e81050-90c8-4e01-b6fd-a3e99c66949c,INS-SPR-0294,1300,,Insulation & Air Sealing,1300,"""Spray Foam - Open Cell (per SF, 3.5"""")""",IECC 2021; IRC R316; Excellent air sealing coastal humidity,Square Feet,1.8500,2.8500,35.09,material,,standard,direct,charleston_metro,1.0000,1.0000,1.0000,jobtread_csv,No,Yes,Yes,,,2026-03-14 20:10:05,2026-03-14 20:10:05,
295,216d8273-f8c6-429b-8d4a-bbe20c2bd749,INS-VAP-0295,1300,,Insulation & Air Sealing,1300,Vapor Barrier - Wall (per SF),IRC R702.7; Warm side of insulation,Square Feet,0.1500,0.3500,57.14,material,,standard,direct,charleston_metro,1.0000,1.0000,1.0000,jobtread_csv,No,Yes,Yes,,,2026-03-14 20:10:05,2026-03-14 20:10:05,
296,28eaa53d-e4b9-4a8a-950e-a5feb42b8608,INT-BAS-0296,1600,,Interior Finishes,1600,"""Baseboard - 3.5"""" MDF (per LF)""",Installed and caulked,Linear Feet,1.8500,5.3500,65.42,material,,standard,direct,charleston_metro,1.0000,1.0000,1.0000,jobtread_csv,No,Yes,Yes,,,2026-03-14 20:10:05,2026-03-14 20:10:05,
297,0315936a-51d6-4799-abd3-a06aa13704c3,INT-BAS-0297,1600,,Interior Finishes,1600,"""Baseboard - 3.5"""" Solid Wood (per LF)""",,Linear Feet,3.5000,7.0000,50.00,material,,standard,direct,charleston_metro,1.0000,1.0000,1.0000,jobtread_csv,No,Yes,Yes,,,2026-03-14 20:10:05,2026-03-14 20:10:05,
298,d4ac3b84-2afb-4f49-80ee-5f0f383996a3,INT-BAS-0298,1600,,Interior Finishes,1600,"""Baseboard - 5.5"""" MDF (per LF)""",,Linear Feet,2.8500,6.3500,55.12,material,,standard,direct,charleston_metro,1.0000,1.0000,1.0000,jobtread_csv,No,Yes,Yes,,,2026-03-14 20:10:05,2026-03-14 20:10:05,
299,6f1725c2-e186-4655-9c9e-4e6155d861f4,INT-BUI-0299,1600,,Interior Finishes,1600,Built-In Bookcase (per LF),,Linear Feet,185.0000,385.0000,51.95,material,,standard,direct,charleston_metro,1.0000,1.0000,1.0000,jobtread_csv,No,Yes,Yes,,,2026-03-14 20:10:05,2026-03-14 20:10:05,
300,21caec7d-07d3-4722-913b-2cea638b48d7,INT-CHA-0300,1600,,Interior Finishes,1600,Chair Rail (per LF),,Linear Feet,2.8500,6.5000,56.15,material,,standard,direct,charleston_metro,1.0000,1.0000,1.0000,jobtread_csv,No,Yes,Yes,,,2026-03-14 20:10:05,2026-03-14 20:10:05,
301,90cb5b43-0854-47e1-8458-5f765563bbfc,INT-CLO-0301,1600,,Interior Finishes,1600,Closet Shelving - Wire (per LF),,Linear Feet,8.5000,18.0000,52.78,material,,standard,direct,charleston_metro,1.0000,1.0000,1.0000,jobtread_csv,No,Yes,Yes,,,2026-03-14 20:10:05,2026-03-14 20:10:05,
302,56837c01-4900-4871-ae61-285b970ca931,INT-CLO-0302,1600,,Interior Finishes,1600,Closet Shelving - Wood (per LF),,Linear Feet,15.0000,32.0000,53.13,material,,standard,direct,charleston_metro,1.0000,1.0000,1.0000,jobtread_csv,No,Yes,Yes,,,2026-03-14 20:10:05,2026-03-14 20:10:05,
303,2f484a61-8153-4294-8d9c-f02b1f2b0201,INT-CLO-0303,1600,,Interior Finishes,1600,Closet System - Custom (per LF),,Linear Feet,65.0000,125.0000,48.00,material,,standard,direct,charleston_metro,1.0000,1.0000,1.0000,jobtread_csv,No,Yes,Yes,,,2026-03-14 20:10:05,2026-03-14 20:10:05,
304,e919d840-f451-4301-a240-00250fe90fd5,INT-CRO-0304,1600,,Interior Finishes,1600,"""Crown Molding - 3.5"""" (per LF)""",,Linear Feet,3.5000,9.0000,61.11,material,,standard,direct,charleston_metro,1.0000,1.0000,1.0000,jobtread_csv,No,Yes,Yes,,,2026-03-14 20:10:05,2026-03-14 20:10:05,
305,d23b585d-0d8e-4b95-a8c2-53e23aa985c4,INT-CRO-0305,1600,,Interior Finishes,1600,"""Crown Molding - 5.5"""" (per LF)""",,Linear Feet,5.5000,12.0000,54.17,material,,standard,direct,charleston_metro,1.0000,1.0000,1.0000,jobtread_csv,No,Yes,Yes,,,2026-03-14 20:10:05,2026-03-14 20:10:05,
306,a88d8e54-16d9-452d-a95a-45df6c0fb312,INT-CRO-0306,1600,,Interior Finishes,1600,"""Crown Molding - Built-Up 9"""" (per LF)""",Multi-piece profile,Linear Feet,12.5000,24.0000,47.92,material,,standard,direct,charleston_metro,1.0000,1.0000,1.0000,jobtread_csv,No,Yes,Yes,,,2026-03-14 20:10:05,2026-03-14 20:10:05,
307,09b1b007-676b-4e5e-a81b-6aa1b50dbb45,INT-DOO-0307,1600,,Interior Finishes,1600,Door Casing - Standard (per LF),MDF or wood both sides,Linear Feet,2.5000,6.0000,58.33,material,,standard,direct,charleston_metro,1.0000,1.0000,1.0000,jobtread_csv,No,Yes,Yes,,,2026-03-14 20:10:05,2026-03-14 20:10:05,
308,48747b31-3781-4d68-835e-6f1ab3feb5bf,INT-FIR-0308,1600,,Interior Finishes,1600,Fireplace Mantel - Wood (per EA),,Each,650.0000,1500.0000,56.67,material,,standard,direct,charleston_metro,1.0000,1.0000,1.0000,jobtread_csv,No,Yes,Yes,,,2026-03-14 20:10:05,2026-03-14 20:10:05,
309,1faee682-f04f-4a78-8779-81765e4140c4,INT-INT-0309,1600,,Interior Finishes,1600,Interior Door - 6-Panel (per EA),,Each,235.0000,485.0000,51.55,material,,standard,direct,charleston_metro,1.0000,1.0000,1.0000,jobtread_csv,No,Yes,Yes,,,2026-03-14 20:10:05,2026-03-14 20:10:05,
310,c2e9438f-4d0f-4ef7-b8c6-a246ad764001,INT-INT-0310,1600,,Interior Finishes,1600,Interior Door - French (per EA),,Each,450.0000,750.0000,40.00,material,,standard,direct,charleston_metro,1.0000,1.0000,1.0000,jobtread_csv,No,Yes,Yes,,,2026-03-14 20:10:05,2026-03-14 20:10:05,
311,a10de556-944a-46c3-8e93-b9a7dcb5880a,INT-INT-0311,1600,,Interior Finishes,1600,Interior Door - Hollow Core (per EA),With hardware,Each,185.0000,385.0000,51.95,material,,standard,direct,charleston_metro,1.0000,1.0000,1.0000,jobtread_csv,No,Yes,Yes,,,2026-03-14 20:10:05,2026-03-14 20:10:05,
312,87d3a359-12cc-4092-8b32-e2f205861b96,INT-INT-0312,1600,,Interior Finishes,1600,Interior Door - Shaker Style (per EA),,Each,285.0000,535.0000,46.73,material,,standard,direct,charleston_metro,1.0000,1.0000,1.0000,jobtread_csv,No,Yes,Yes,,,2026-03-14 20:10:05,2026-03-14 20:10:05,
313,f9aab4c0-be48-4481-957e-d91f6027b28c,INT-INT-0313,1600,,Interior Finishes,1600,Interior Door - Solid Core (per EA),With hardware,Each,285.0000,535.0000,46.73,material,,standard,direct,charleston_metro,1.0000,1.0000,1.0000,jobtread_csv,No,Yes,Yes,,,2026-03-14 20:10:05,2026-03-14 20:10:05,
314,e48350aa-dba8-45bb-b35f-81923fdeeb85,INT-PIC-0314,1600,,Interior Finishes,1600,Picture Rail (per LF),,Linear Feet,3.5000,7.5000,53.33,material,,standard,direct,charleston_metro,1.0000,1.0000,1.0000,jobtread_csv,No,Yes,Yes,,,2026-03-14 20:10:05,2026-03-14 20:10:05,
315,155d73c8-f353-414a-8ff7-b763d66c6143,INT-STA-0315,1600,,Interior Finishes,1600,Stair Balusters - Wood (per EA),,Each,12.0000,28.0000,57.14,material,,standard,direct,charleston_metro,1.0000,1.0000,1.0000,jobtread_csv,No,Yes,Yes,,,2026-03-14 20:10:05,2026-03-14 20:10:05,
316,0a3b9289-2cc9-450d-a039-81b374b09196,INT-STA-0316,1600,,Interior Finishes,1600,Stair Handrail - Wood (per LF),,Linear Feet,18.0000,38.0000,52.63,material,,standard,direct,charleston_metro,1.0000,1.0000,1.0000,jobtread_csv,No,Yes,Yes,,,2026-03-14 20:10:05,2026-03-14 20:10:05,
317,909cfa78-8fa2-4a5e-aad5-e469b88c242b,INT-STA-0317,1600,,Interior Finishes,1600,Stair Newel Post (per EA),,Each,125.0000,285.0000,56.14,material,,standard,direct,charleston_metro,1.0000,1.0000,1.0000,jobtread_csv,No,Yes,Yes,,,2026-03-14 20:10:05,2026-03-14 20:10:05,
318,55068ce5-7eeb-405d-bee8-c50e948ff98d,INT-WAI-0318,1600,,Interior Finishes,1600,Wainscoting - Beadboard (per SF),,Square Feet,6.5000,14.0000,53.57,material,,standard,direct,charleston_metro,1.0000,1.0000,1.0000,jobtread_csv,No,Yes,Yes,,,2026-03-14 20:10:05,2026-03-14 20:10:05,
319,e6658dcf-10aa-411f-b4a8-909efabc2ea8,INT-WAI-0319,1600,,Interior Finishes,1600,Wainscoting - Raised Panel (per SF),,Square Feet,12.5000,26.0000,51.92,material,,standard,direct,charleston_metro,1.0000,1.0000,1.0000,jobtread_csv,No,Yes,Yes,,,2026-03-14 20:10:05,2026-03-14 20:10:05,
320,99f20a40-4f9b-4a93-805f-743011b764da,INT-WIN-0320,1600,,Interior Finishes,1600,Window Casing - Interior (per LF),Casing and stool,Linear Feet,3.5000,8.0000,56.25,material,,standard,direct,charleston_metro,1.0000,1.0000,1.0000,jobtread_csv,No,Yes,Yes,,,2026-03-14 20:10:05,2026-03-14 20:10:05,
321,f7f17c9d-7ca1-4612-991a-62debe994ed0,LAN-DRI-0321,2500,,Landscaping & Hardscape,2500,Drip Irrigation (per LF),,Linear Feet,1.8500,3.5000,47.14,material,,standard,direct,charleston_metro,1.0000,1.0000,1.0000,jobtread_csv,No,Yes,Yes,,,2026-03-14 20:10:05,2026-03-14 20:10:05,
322,8977a00f-6dd2-4f51-bdc9-a328a9ba927e,LAN-FEN-0322,2500,,Landscaping & Hardscape,2500,Fence - Aluminum (per LF),,Linear Feet,45.0000,85.0000,47.06,material,,standard,direct,charleston_metro,1.0000,1.0000,1.0000,jobtread_csv,No,Yes,Yes,,,2026-03-14 20:10:05,2026-03-14 20:10:05,
323,56956e2f-abf0-4124-b8dc-6bc536a9c6ec,LAN-FEN-0323,2500,,Landscaping & Hardscape,2500,Fence - Vinyl Privacy 6ft (per LF),,Linear Feet,35.0000,65.0000,46.15,material,,standard,direct,charleston_metro,1.0000,1.0000,1.0000,jobtread_csv,No,Yes,Yes,,,2026-03-14 20:10:05,2026-03-14 20:10:05,
324,9e1ab42b-f7af-4be6-805b-61d9eced6ae2,LAN-FEN-0324,2500,,Landscaping & Hardscape,2500,Fence - Wood Privacy 6ft (per LF),,Linear Feet,28.0000,55.0000,49.09,material,,standard,direct,charleston_metro,1.0000,1.0000,1.0000,jobtread_csv,No,Yes,Yes,,,2026-03-14 20:10:06,2026-03-14 20:10:06,
325,c61652c9-f244-4b3a-b84a-ea098d177e3c,LAN-GAT-0325,2500,,Landscaping & Hardscape,2500,Gate - Automated Driveway (per EA),,Each,2500.0000,5500.0000,54.55,material,,standard,direct,charleston_metro,1.0000,1.0000,1.0000,jobtread_csv,No,Yes,Yes,,,2026-03-14 20:10:06,2026-03-14 20:10:06,
326,d6769fbf-8f79-4d2e-a428-7136ccbccfcf,LAN-GAT-0326,2500,,Landscaping & Hardscape,2500,Gate - Wood 4ft (per EA),,Each,185.0000,385.0000,51.95,material,,standard,direct,charleston_metro,1.0000,1.0000,1.0000,jobtread_csv,No,Yes,Yes,,,2026-03-14 20:10:06,2026-03-14 20:10:06,
327,92d603fa-674a-4c25-98f7-a7f8940805c7,LAN-IRR-0327,2500,,Landscaping & Hardscape,2500,Irrigation Controller - Smart (per EA),WiFi enabled,Each,185.0000,385.0000,51.95,material,,standard,direct,charleston_metro,1.0000,1.0000,1.0000,jobtread_csv,No,Yes,Yes,,,2026-03-14 20:10:06,2026-03-14 20:10:06,
328,337654bd-e456-4a32-9df3-b6b9cc8f70b9,LAN-IRR-0328,2500,,Landscaping & Hardscape,2500,Irrigation System - Install (per ZONE),,Each,285.0000,550.0000,48.18,material,,standard,direct,charleston_metro,1.0000,1.0000,1.0000,jobtread_csv,No,Yes,Yes,,,2026-03-14 20:10:06,2026-03-14 20:10:06,
329,6366667d-dc22-4a53-bf89-9d33eb78a58f,LAN-LAN-0329,2500,,Landscaping & Hardscape,2500,Landscape Lighting - Path (per EA),,Each,65.0000,145.0000,55.17,material,,standard,direct,charleston_metro,1.0000,1.0000,1.0000,jobtread_csv,No,Yes,Yes,,,2026-03-14 20:10:06,2026-03-14 20:10:06,
330,91a2f578-4838-4b97-96e1-0a838521e790,LAN-LAN-0330,2500,,Landscaping & Hardscape,2500,Landscape Lighting - Uplight (per EA),,Each,85.0000,185.0000,54.05,material,,standard,direct,charleston_metro,1.0000,1.0000,1.0000,jobtread_csv,No,Yes,Yes,,,2026-03-14 20:10:06,2026-03-14 20:10:06,
331,77234fe0-a74e-4325-8f30-14d2eeeffc34,LAN-MUL-0331,2500,,Landscaping & Hardscape,2500,Mulch - Hardwood (per CY),,Each,45.0000,75.0000,40.00,material,,standard,direct,charleston_metro,1.0000,1.0000,1.0000,jobtread_csv,No,Yes,Yes,,,2026-03-14 20:10:06,2026-03-14 20:10:06,
332,3aeefbfc-e114-4d50-a839-912006407fd6,LAN-MUL-0332,2500,,Landscaping & Hardscape,2500,Mulch - Pine Bark (per CY),,Each,35.0000,65.0000,46.15,material,,standard,direct,charleston_metro,1.0000,1.0000,1.0000,jobtread_csv,No,Yes,Yes,,,2026-03-14 20:10:06,2026-03-14 20:10:06,
333,42453c41-8385-4666-b167-e00ce3cd648e,LAN-PAL-0333,2500,,Landscaping & Hardscape,2500,Palm Tree - Pindo (per EA),Cold hardy coastal,Each,450.0000,950.0000,52.63,material,,standard,direct,charleston_metro,1.0000,1.0000,1.0000,jobtread_csv,No,Yes,Yes,,,2026-03-14 20:10:06,2026-03-14 20:10:06,
334,8bf4b930-4d63-4306-8f32-83328017f736,LAN-PAL-0334,2500,,Landscaping & Hardscape,2500,Palm Tree - Sabal (per EA),Native wind resistant,Each,285.0000,650.0000,56.15,material,,standard,direct,charleston_metro,1.0000,1.0000,1.0000,jobtread_csv,No,Yes,Yes,,,2026-03-14 20:10:06,2026-03-14 20:10:06,
335,b60bca17-27ac-4bf0-ab10-4c466c1632b5,LAN-RET-0335,2500,,Landscaping & Hardscape,2500,Retaining Wall - Interlocking Block (per SF),,Square Feet,18.0000,35.0000,48.57,material,,standard,direct,charleston_metro,1.0000,1.0000,1.0000,jobtread_csv,No,Yes,Yes,,,2026-03-14 20:10:06,2026-03-14 20:10:06,
336,2c395219-8ed6-43be-a59c-c5054f0e59a2,LAN-SHR-0336,2500,,Landscaping & Hardscape,2500,Shrub Installation - 3 Gallon (per EA),,Each,35.0000,75.0000,53.33,material,,standard,direct,charleston_metro,1.0000,1.0000,1.0000,jobtread_csv,No,Yes,Yes,,,2026-03-14 20:10:06,2026-03-14 20:10:06,
337,abc6ac10-ffb2-4748-b012-00d31bf106bd,LAN-SHR-0337,2500,,Landscaping & Hardscape,2500,Shrub Installation - 7 Gallon (per EA),,Each,65.0000,135.0000,51.85,material,,standard,direct,charleston_metro,1.0000,1.0000,1.0000,jobtread_csv,No,Yes,Yes,,,2026-03-14 20:10:06,2026-03-14 20:10:06,
338,9f5b1a54-28be-485e-8b13-9a4f4b38d9b6,LAN-SOD-0338,2500,,Landscaping & Hardscape,2500,Sod Installation - Bermuda (per SF),Drought tolerant coastal,Square Feet,0.4500,1.2500,64.00,material,,standard,direct,charleston_metro,1.0000,1.0000,1.0000,jobtread_csv,No,Yes,Yes,,,2026-03-14 20:10:06,2026-03-14 20:10:06,
339,54a95591-b6c7-4b27-9c8d-460105efd182,LAN-SOD-0339,2500,,Landscaping & Hardscape,2500,Sod Installation - St. Augustine (per SF),,Square Feet,0.5000,1.3500,62.96,material,,standard,direct,charleston_metro,1.0000,1.0000,1.0000,jobtread_csv,No,Yes,Yes,,,2026-03-14 20:10:06,2026-03-14 20:10:06,
340,58649b57-ac75-4a75-b14d-af91f5eef7dd,LAN-SOD-0340,2500,,Landscaping & Hardscape,2500,Sod Installation - Zoysia (per SF),Salt tolerant coastal,Square Feet,0.5500,1.4500,62.07,material,,standard,direct,charleston_metro,1.0000,1.0000,1.0000,jobtread_csv,No,Yes,Yes,,,2026-03-14 20:10:06,2026-03-14 20:10:06,
341,cc032d17-1cea-4938-9314-ca5e67fbfa5e,LAN-TRE-0341,2500,,Landscaping & Hardscape,2500,Tree Installation - 15 Gallon (per EA),,Each,185.0000,385.0000,51.95,material,,standard,direct,charleston_metro,1.0000,1.0000,1.0000,jobtread_csv,No,Yes,Yes,,,2026-03-14 20:10:06,2026-03-14 20:10:06,
342,352596cd-3ad4-4a5a-bb03-d00d141bbc58,MEC-CON-0342,1200,,Mechanical (HVAC),1200,Condenser Pad - Elevated (per EA),Elevated above flood level coastal,Each,85.0000,165.0000,48.48,material,,standard,direct,charleston_metro,1.0000,1.0000,1.0000,jobtread_csv,No,Yes,Yes,,,2026-03-14 20:10:06,2026-03-14 20:10:06,
343,b6af0d7f-05fa-4f14-9741-df4043c36b7c,MEC-DEH-0343,1200,,Mechanical (HVAC),1200,Dehumidifier - Whole House (per EA),IMC; Critical coastal humidity control,Each,1200.0000,1846.1500,35.00,material,,standard,direct,charleston_metro,1.0000,1.0000,1.0000,jobtread_csv,No,Yes,Yes,,,2026-03-14 20:10:06,2026-03-14 20:10:06,
344,cb4a3bd1-9ddb-48af-8ddf-b077cc15c2f1,MEC-DEH-0344,1200,,Mechanical (HVAC),1200,Dehumidifier - Whole House 90 Pint (per EA),IMC; Larger capacity coastal,Each,1650.0000,2538.4600,35.00,material,,standard,direct,charleston_metro,1.0000,1.0000,1.0000,jobtread_csv,No,Yes,Yes,,,2026-03-14 20:10:06,2026-03-14 20:10:06,
345,534c82bd-885d-4eaf-b652-49654ecb2efe,MEC-DRY-0345,1200,,Mechanical (HVAC),1200,Dryer Vent - Rigid Metal (per LF),IMC,Linear Feet,4.5000,10.0000,55.00,material,,standard,direct,charleston_metro,1.0000,1.0000,1.0000,jobtread_csv,No,Yes,Yes,,,2026-03-14 20:10:06,2026-03-14 20:10:06,
346,316e5bdf-d795-4a9c-98b2-d7066493cbc7,MEC-DUC-0346,1200,,Mechanical (HVAC),1200,Ductwork - Flex Duct (per LF),IMC,Linear Feet,3.5000,8.0000,56.25,material,,standard,direct,charleston_metro,1.0000,1.0000,1.0000,jobtread_csv,No,Yes,Yes,,,2026-03-14 20:10:06,2026-03-14 20:10:06,
347,80b68f0a-a2fa-47a8-9cfd-cf5349ecb233,MEC-ERV-0347,1200,,Mechanical (HVAC),1200,ERV / HRV - Energy Recovery Ventilator (per EA),IMC; Balanced mechanical ventilation,Each,850.0000,1500.0000,43.33,material,,standard,direct,charleston_metro,1.0000,1.0000,1.0000,jobtread_csv,No,Yes,Yes,,,2026-03-14 20:10:06,2026-03-14 20:10:06,
348,94cab5f6-178d-4105-a10f-7b2a8bed9490,MEC-EXH-0348,1200,,Mechanical (HVAC),1200,Exhaust Fan - Bathroom (per EA),IMC; 110 CFM Energy Star,Each,85.0000,210.0000,59.52,material,,standard,direct,charleston_metro,1.0000,1.0000,1.0000,jobtread_csv,No,Yes,Yes,,,2026-03-14 20:10:06,2026-03-14 20:10:06,
349,54502fcd-721a-4962-b389-1b3d9c57b764,MEC-HVA-0349,1200,,Mechanical (HVAC),1200,HVAC Condensate Line (per LF),IMC; PVC with trap,Linear Feet,2.5000,6.0000,58.33,material,,standard,direct,charleston_metro,1.0000,1.0000,1.0000,jobtread_csv,No,Yes,Yes,,,2026-03-14 20:10:06,2026-03-14 20:10:06,
350,b78e5503-b97b-4ac3-8595-a8d84efe9e5d,MEC-HVA-0350,1200,,Mechanical (HVAC),1200,HVAC System - 2-Ton Split System (per EA),IMC; 16 SEER2 heat pump with air handler,Each,2800.0000,4600.0000,39.13,material,,standard,direct,charleston_metro,1.0000,1.0000,1.0000,jobtread_csv,No,Yes,Yes,,,2026-03-14 20:10:06,2026-03-14 20:10:06,
351,d330ee32-6308-4d32-b537-6c2f1ee43afb,MEC-HVA-0351,1200,,Mechanical (HVAC),1200,HVAC System - 3-Ton High-Efficiency 18+ SEER2 (per EA),IMC; Premium efficiency coastal,Each,5500.0000,8500.0000,35.29,material,,standard,direct,charleston_metro,1.0000,1.0000,1.0000,jobtread_csv,No,Yes,Yes,,,2026-03-14 20:10:06,2026-03-14 20:10:06,
352,4077ab76-3696-44c9-9ebd-8f9b2e09c255,MEC-HVA-0352,1200,,Mechanical (HVAC),1200,HVAC System - 3-Ton Split System (per EA),IMC; 16 SEER2,Each,3500.0000,5500.0000,36.36,material,,standard,direct,charleston_metro,1.0000,1.0000,1.0000,jobtread_csv,No,Yes,Yes,,,2026-03-14 20:10:06,2026-03-14 20:10:06,
353,b1de1751-5c8b-4160-af50-b5879f73d624,MEC-HVA-0353,1200,,Mechanical (HVAC),1200,HVAC System - 4-Ton Split System (per EA),IMC; 16 SEER2,Each,4200.0000,6461.5400,35.00,material,,standard,direct,charleston_metro,1.0000,1.0000,1.0000,jobtread_csv,No,Yes,Yes,,,2026-03-14 20:10:06,2026-03-14 20:10:06,
354,1a65d367-b69a-4a73-a41f-a3861e869eea,MEC-HVA-0354,1200,,Mechanical (HVAC),1200,HVAC System - 5-Ton Split System (per EA),IMC; 16 SEER2,Each,5200.0000,8000.0000,35.00,material,,standard,direct,charleston_metro,1.0000,1.0000,1.0000,jobtread_csv,No,Yes,Yes,,,2026-03-14 20:10:06,2026-03-14 20:10:06,
355,63559e25-854f-4954-b6f1-83b0f03de788,MEC-KIT-0355,1200,,Mechanical (HVAC),1200,Kitchen Range Hood - Ducted (per EA),IMC,Each,350.0000,575.0000,39.13,material,,standard,direct,charleston_metro,1.0000,1.0000,1.0000,jobtread_csv,No,Yes,Yes,,,2026-03-14 20:10:06,2026-03-14 20:10:06,
356,bd36c243-9eb3-40d8-a7ee-8068b10f1b74,MEC-MIN-0356,1200,,Mechanical (HVAC),1200,Mini-Split - 1-Ton Ductless (per EA),IMC; 20 SEER2,Each,1200.0000,2050.0000,41.46,material,,standard,direct,charleston_metro,1.0000,1.0000,1.0000,jobtread_csv,No,Yes,Yes,,,2026-03-14 20:10:06,2026-03-14 20:10:06,
357,c69ba5bb-769a-4d56-a7d4-3e6a402d77f0,MEC-MIN-0357,1200,,Mechanical (HVAC),1200,Mini-Split - 2-Ton Ductless (per EA),IMC,Each,1800.0000,3000.0000,40.00,material,,standard,direct,charleston_metro,1.0000,1.0000,1.0000,jobtread_csv,No,Yes,Yes,,,2026-03-14 20:10:06,2026-03-14 20:10:06,
358,1263c5c3-1dcc-4c16-b26e-67d3ebe7208a,MEC-MIN-0358,1200,,Mechanical (HVAC),1200,Mini-Split - Multi-Zone 3-Head (per EA),"""IMC; One outdoor, three indoor units""",Each,4500.0000,7000.0000,35.71,material,,standard,direct,charleston_metro,1.0000,1.0000,1.0000,jobtread_csv,No,Yes,Yes,,,2026-03-14 20:10:06,2026-03-14 20:10:06,
359,906453c8-4ac9-4d7e-aa7e-380852610ea1,MEC-UVA-0359,1200,,Mechanical (HVAC),1200,UV Air Purifier - HVAC (per EA),IMC; Mold/allergen control coastal,Each,450.0000,750.0000,40.00,material,,standard,direct,charleston_metro,1.0000,1.0000,1.0000,jobtread_csv,No,Yes,Yes,,,2026-03-14 20:10:06,2026-03-14 20:10:06,
360,9ea8c5d7-c19e-40b3-bc01-dce4e6c9af7a,PAI-INT-0360,2100,,Painting & Wall Covering,2100,Interior Painting - Cabinets (per LF),"""Prep, prime, 2 coats""",Linear Feet,18.0000,65.0000,72.31,material,,standard,direct,charleston_metro,1.0000,1.0000,1.0000,jobtread_csv,No,Yes,Yes,,,2026-03-14 20:10:07,2026-03-14 20:10:07,
361,d8d98d84-a020-418e-83f4-6513f5804440,PAI-INT-0361,2100,,Painting & Wall Covering,2100,Interior Painting - Ceilings (per SF),2 coats flat,Square Feet,0.4500,2.1500,79.07,material,,standard,direct,charleston_metro,1.0000,1.0000,1.0000,jobtread_csv,No,Yes,Yes,,,2026-03-14 20:10:07,2026-03-14 20:10:07,
362,59166481-ecba-44c6-a7fe-0547e224e226,PAI-INT-0362,2100,,Painting & Wall Covering,2100,Interior Painting - Doors (per EA),Both sides,Each,35.0000,125.0000,72.00,material,,standard,direct,charleston_metro,1.0000,1.0000,1.0000,jobtread_csv,No,Yes,Yes,,,2026-03-14 20:10:07,2026-03-14 20:10:07,
363,4f81fccb-a97c-46d8-9cc5-7fb62d1b557f,PAI-INT-0363,2100,,Painting & Wall Covering,2100,Interior Painting - Trim (per LF),Semi-gloss,Linear Feet,0.8500,3.5000,75.71,material,,standard,direct,charleston_metro,1.0000,1.0000,1.0000,jobtread_csv,No,Yes,Yes,,,2026-03-14 20:10:07,2026-03-14 20:10:07,
364,9f7da4b5-bf7e-4e46-aa10-d5f2c3cf8af8,PAI-INT-0364,2100,,Painting & Wall Covering,2100,Interior Painting - Walls (per SF),2 coats latex,Square Feet,0.3500,1.8500,81.08,material,,standard,direct,charleston_metro,1.0000,1.0000,1.0000,jobtread_csv,No,Yes,Yes,,,2026-03-14 20:10:07,2026-03-14 20:10:07,
365,eed1fd7a-ee09-4385-b91c-9b94d4c94504,PAI-INT-0365,2100,,Painting & Wall Covering,2100,Interior Staining - Trim (per LF),,Linear Feet,1.2500,4.5000,72.22,material,,standard,direct,charleston_metro,1.0000,1.0000,1.0000,jobtread_csv,No,Yes,Yes,,,2026-03-14 20:10:07,2026-03-14 20:10:07,
366,e87cc963-82d6-4130-9bbc-5be3867aa44c,PAI-PRI-0366,2100,,Painting & Wall Covering,2100,Primer - Moisture Resistant (per SF),Recommended coastal humidity,Square Feet,0.2500,0.8500,70.59,material,,standard,direct,charleston_metro,1.0000,1.0000,1.0000,jobtread_csv,No,Yes,Yes,,,2026-03-14 20:10:07,2026-03-14 20:10:07,
367,607ad438-3d76-453c-b22b-7c64ad0b5b57,PAI-TEX-0367,2100,,Painting & Wall Covering,2100,Texture - Knockdown (per SF),,Square Feet,0.5500,1.4500,62.07,material,,standard,direct,charleston_metro,1.0000,1.0000,1.0000,jobtread_csv,No,Yes,Yes,,,2026-03-14 20:10:07,2026-03-14 20:10:07,
368,d9935a9b-17f7-45c4-ad31-e4f4546dd008,PAI-TEX-0368,2100,,Painting & Wall Covering,2100,Texture - Orange Peel (per SF),,Square Feet,0.4500,1.2500,64.00,material,,standard,direct,charleston_metro,1.0000,1.0000,1.0000,jobtread_csv,No,Yes,Yes,,,2026-03-14 20:10:07,2026-03-14 20:10:07,
369,3fbfcb35-3a6d-4bbe-a644-c0f6c82c1fe8,PAI-WAL-0369,2100,,Painting & Wall Covering,2100,Wallpaper Installation (per SF),,Square Feet,2.8500,6.5000,56.15,material,,standard,direct,charleston_metro,1.0000,1.0000,1.0000,jobtread_csv,No,Yes,Yes,,,2026-03-14 20:10:07,2026-03-14 20:10:07,
370,a1e3a2d6-acc1-44af-bd14-c33475e9ecb8,PLU-BAC-0370,1100,,Plumbing,1100,Backflow Preventer (per EA),IPC; Required irrigation/pool,Each,185.0000,350.0000,47.14,material,,standard,direct,charleston_metro,1.0000,1.0000,1.0000,jobtread_csv,No,Yes,Yes,,,2026-03-14 20:10:07,2026-03-14 20:10:07,
371,baf64e5b-dcb5-482f-9ec6-006b8dfd7a9b,PLU-BAT-0371,1100,,Plumbing,1100,Bathroom Faucet - Premium (per EA),,Each,185.0000,385.0000,51.95,material,,standard,direct,charleston_metro,1.0000,1.0000,1.0000,jobtread_csv,No,Yes,Yes,,,2026-03-14 20:10:07,2026-03-14 20:10:07,
372,265fa21a-bdff-4eca-94fe-156371cea855,PLU-BAT-0372,1100,,Plumbing,1100,Bathroom Faucet - Standard (per EA),,Each,85.0000,185.0000,54.05,material,,standard,direct,charleston_metro,1.0000,1.0000,1.0000,jobtread_csv,No,Yes,Yes,,,2026-03-14 20:10:07,2026-03-14 20:10:07,
373,4ede39ac-26de-4eac-a730-bdaeea9db223,PLU-BAT-0373,1100,,Plumbing,1100,Bathroom Sink - Pedestal (per EA),,Each,285.0000,550.0000,48.18,material,,standard,direct,charleston_metro,1.0000,1.0000,1.0000,jobtread_csv,No,Yes,Yes,,,2026-03-14 20:10:07,2026-03-14 20:10:07,
374,f4bd8664-6382-474b-ae9e-cd5e75496645,PLU-BAT-0374,1100,,Plumbing,1100,Bathroom Sink - Undermount (per EA),,Each,185.0000,385.0000,51.95,material,,standard,direct,charleston_metro,1.0000,1.0000,1.0000,jobtread_csv,No,Yes,Yes,,,2026-03-14 20:10:07,2026-03-14 20:10:07,
375,79195197-626e-4eff-bb22-95f740d1f1bb,PLU-BAT-0375,1100,,Plumbing,1100,Bathtub - Freestanding (per EA),,Each,1200.0000,2500.0000,52.00,material,,standard,direct,charleston_metro,1.0000,1.0000,1.0000,jobtread_csv,No,Yes,Yes,,,2026-03-14 20:10:07,2026-03-14 20:10:07,
376,244c1574-2003-42ce-8938-18e663cda4da,PLU-BAT-0376,1100,,Plumbing,1100,Bathtub - Standard Alcove (per EA),,Each,350.0000,750.0000,53.33,material,,standard,direct,charleston_metro,1.0000,1.0000,1.0000,jobtread_csv,No,Yes,Yes,,,2026-03-14 20:10:07,2026-03-14 20:10:07,
377,6fc2b895-36a5-42f4-851d-d6a17ec6c123,PLU-DRA-0377,1100,,Plumbing,1100,"""Drain Line - PVC 3"""" (per LF)""",IPC,Linear Feet,2.5000,7.0000,64.29,material,,standard,direct,charleston_metro,1.0000,1.0000,1.0000,jobtread_csv,No,Yes,Yes,,,2026-03-14 20:10:07,2026-03-14 20:10:07,
378,b7a69cea-b6f5-42ec-a49c-db74fb14f639,PLU-DRA-0378,1100,,Plumbing,1100,"""Drain Line - PVC 4"""" (per LF)""",IPC; Main drain,Linear Feet,3.5000,8.5000,58.82,material,,standard,direct,charleston_metro,1.0000,1.0000,1.0000,jobtread_csv,No,Yes,Yes,,,2026-03-14 20:10:07,2026-03-14 20:10:07,
379,e59d32b4-ad99-4a85-a38d-ed94aaeaa432,PLU-GAR-0379,1100,,Plumbing,1100,Garbage Disposal - 1/2 HP (per EA),,Each,125.0000,285.0000,56.14,material,,standard,direct,charleston_metro,1.0000,1.0000,1.0000,jobtread_csv,No,Yes,Yes,,,2026-03-14 20:10:07,2026-03-14 20:10:07,
380,064cfce0-7a83-4cb5-a81e-9da9fcb33eb6,PLU-GAR-0380,1100,,Plumbing,1100,Garbage Disposal - 3/4 HP (per EA),,Each,185.0000,385.0000,51.95,material,,standard,direct,charleston_metro,1.0000,1.0000,1.0000,jobtread_csv,No,Yes,Yes,,,2026-03-14 20:10:07,2026-03-14 20:10:07,
381,f6845108-5ed3-4aee-9262-b4d8ee6f5fd1,PLU-GAS-0381,1100,,Plumbing,1100,Gas Piping - Natural Gas (per LF),IFGC; CSST or black iron,Linear Feet,3.5000,9.0000,61.11,material,,standard,direct,charleston_metro,1.0000,1.0000,1.0000,jobtread_csv,No,Yes,Yes,,,2026-03-14 20:10:07,2026-03-14 20:10:07,
382,8906bd70-0170-4e89-840d-94bbb856a9d5,PLU-GAS-0382,1100,,Plumbing,1100,Gas Piping - Propane (per LF),IFGC,Linear Feet,3.5000,9.0000,61.11,material,,standard,direct,charleston_metro,1.0000,1.0000,1.0000,jobtread_csv,No,Yes,Yes,,,2026-03-14 20:10:07,2026-03-14 20:10:07,
383,f93ad71b-9166-4771-b1ac-4c1e2a86130f,PLU-HOS-0383,1100,,Plumbing,1100,Hose Bib - Exterior (per EA),IPC; Anti-siphon,Each,35.0000,120.0000,70.83,material,,standard,direct,charleston_metro,1.0000,1.0000,1.0000,jobtread_csv,No,Yes,Yes,,,2026-03-14 20:10:07,2026-03-14 20:10:07,
384,e80e77d6-79e6-44e0-b11b-6024a68372e8,PLU-HOS-0384,1100,,Plumbing,1100,Hose Bib - Frost-Free (per EA),IPC,Each,65.0000,150.0000,56.67,material,,standard,direct,charleston_metro,1.0000,1.0000,1.0000,jobtread_csv,No,Yes,Yes,,,2026-03-14 20:10:07,2026-03-14 20:10:07,
385,b762dbe0-f218-4801-b925-0ee4640ac156,PLU-IRR-0385,1100,,Plumbing,1100,Irrigation System - Rough-In (per zone),Local Ordinance,Each,185.0000,470.0000,60.64,material,,standard,direct,charleston_metro,1.0000,1.0000,1.0000,jobtread_csv,No,Yes,Yes,,,2026-03-14 20:10:07,2026-03-14 20:10:07,
386,7677dae1-6735-4c7e-9944-ab5dc7b76d1f,PLU-KIT-0386,1100,,Plumbing,1100,Kitchen Faucet - Premium (per EA),,Each,285.0000,550.0000,48.18,material,,standard,direct,charleston_metro,1.0000,1.0000,1.0000,jobtread_csv,No,Yes,Yes,,,2026-03-14 20:10:07,2026-03-14 20:10:07,
387,876d8a1a-cefb-4c99-bd57-3e65379170e3,PLU-KIT-0387,1100,,Plumbing,1100,Kitchen Faucet - Standard (per EA),,Each,125.0000,285.0000,56.14,material,,standard,direct,charleston_metro,1.0000,1.0000,1.0000,jobtread_csv,No,Yes,Yes,,,2026-03-14 20:10:07,2026-03-14 20:10:07,
388,b1944d07-e955-43a2-b369-e11fa64a671d,PLU-KIT-0388,1100,,Plumbing,1100,Kitchen Sink - Farmhouse (per EA),With faucet,Each,450.0000,850.0000,47.06,material,,standard,direct,charleston_metro,1.0000,1.0000,1.0000,jobtread_csv,No,Yes,Yes,,,2026-03-14 20:10:07,2026-03-14 20:10:07,
389,aa23ce48-6ceb-4f1d-af6e-35f48c90a0af,PLU-KIT-0389,1100,,Plumbing,1100,Kitchen Sink - Stainless Double (per EA),With faucet,Each,185.0000,385.0000,51.95,material,,standard,direct,charleston_metro,1.0000,1.0000,1.0000,jobtread_csv,No,Yes,Yes,,,2026-03-14 20:10:07,2026-03-14 20:10:07,
390,8a068704-4745-44ee-8bd1-50dbca875bde,PLU-LAU-0390,1100,,Plumbing,1100,Laundry Sink - Utility (per EA),,Each,185.0000,385.0000,51.95,material,,standard,direct,charleston_metro,1.0000,1.0000,1.0000,jobtread_csv,No,Yes,Yes,,,2026-03-14 20:10:07,2026-03-14 20:10:07,
391,a7c08059-fbf6-4089-8ee8-00063934bf92,PLU-SHO-0391,1100,,Plumbing,1100,Shower Base - Fiberglass (per EA),,Each,285.0000,550.0000,48.18,material,,standard,direct,charleston_metro,1.0000,1.0000,1.0000,jobtread_csv,No,Yes,Yes,,,2026-03-14 20:10:07,2026-03-14 20:10:07,
392,029bcfd2-2c58-41ce-a94a-2f45619514fa,PLU-SHO-0392,1100,,Plumbing,1100,Shower Door - Framed (per EA),,Each,285.0000,550.0000,48.18,material,,standard,direct,charleston_metro,1.0000,1.0000,1.0000,jobtread_csv,No,Yes,Yes,,,2026-03-14 20:10:07,2026-03-14 20:10:07,
393,16485043-3667-4e7a-a7fe-147fb206f868,PLU-SHO-0393,1100,,Plumbing,1100,Shower Door - Frameless (per EA),,Each,650.0000,1350.0000,51.85,material,,standard,direct,charleston_metro,1.0000,1.0000,1.0000,jobtread_csv,No,Yes,Yes,,,2026-03-14 20:10:07,2026-03-14 20:10:07,
394,c1dba790-ec3d-4561-bb1a-007fe8feb7f5,PLU-SHO-0394,1100,,Plumbing,1100,Shower Pan - Tile-Ready (per EA),IPC,Each,185.0000,410.0000,54.88,material,,standard,direct,charleston_metro,1.0000,1.0000,1.0000,jobtread_csv,No,Yes,Yes,,,2026-03-14 20:10:07,2026-03-14 20:10:07,
395,0e17597d-c6b6-463d-bb55-aba9d08d195a,PLU-SHO-0395,1100,,Plumbing,1100,Shower System - Rain Head (per EA),,Each,285.0000,650.0000,56.15,material,,standard,direct,charleston_metro,1.0000,1.0000,1.0000,jobtread_csv,No,Yes,Yes,,,2026-03-14 20:10:07,2026-03-14 20:10:07,
396,0ccf8c65-be92-431c-80db-c10f9eb17bef,PLU-TAN-0396,1100,,Plumbing,1100,Tankless Water Heater - Electric (per EA),IPC,Each,850.0000,1307.6900,35.00,material,,standard,direct,charleston_metro,1.0000,1.0000,1.0000,jobtread_csv,No,Yes,Yes,,,2026-03-14 20:10:07,2026-03-14 20:10:07,
397,effda2af-e8a3-4588-8561-d5e8dc6fe3e6,PLU-TAN-0397,1100,,Plumbing,1100,Tankless Water Heater - Gas (per EA),IPC; IFGC,Each,1200.0000,1850.0000,35.14,material,,standard,direct,charleston_metro,1.0000,1.0000,1.0000,jobtread_csv,No,Yes,Yes,,,2026-03-14 20:10:07,2026-03-14 20:10:07,
398,a60a364d-4e6e-459f-92fa-0eefcfa39ea0,PLU-TOI-0398,1100,,Plumbing,1100,Toilet - Premium (per EA),,Each,385.0000,750.0000,48.67,material,,standard,direct,charleston_metro,1.0000,1.0000,1.0000,jobtread_csv,No,Yes,Yes,,,2026-03-14 20:10:07,2026-03-14 20:10:07,
399,4223d1bc-0d7f-4335-a8bc-58d5379f75ec,PLU-TOI-0399,1100,,Plumbing,1100,Toilet - Standard (per EA),,Each,185.0000,385.0000,51.95,material,,standard,direct,charleston_metro,1.0000,1.0000,1.0000,jobtread_csv,No,Yes,Yes,,,2026-03-14 20:10:07,2026-03-14 20:10:07,
400,750e34b6-df94-41b8-9b24-98ffce8178fb,PLU-TUB-0400,1100,,Plumbing,1100,Tub/Shower Valve (per EA),,Each,125.0000,285.0000,56.14,material,,standard,direct,charleston_metro,1.0000,1.0000,1.0000,jobtread_csv,No,Yes,Yes,,,2026-03-14 20:10:07,2026-03-14 20:10:07,
401,f71e44da-fa5d-46a6-8f4a-23339eb46a82,PLU-VEN-0401,1100,,Plumbing,1100,"""Vent Pipe - PVC 2"""" (per LF)""",IPC,Linear Feet,1.8500,5.3500,65.42,material,,standard,direct,charleston_metro,1.0000,1.0000,1.0000,jobtread_csv,No,Yes,Yes,,,2026-03-14 20:10:07,2026-03-14 20:10:07,
402,b95de781-c98d-4e96-881e-1c255120fd8b,PLU-WAS-0402,1100,,Plumbing,1100,Washing Machine Box (per EA),IPC; Hot/cold and drain,Each,45.0000,170.0000,73.53,material,,standard,direct,charleston_metro,1.0000,1.0000,1.0000,jobtread_csv,No,Yes,Yes,,,2026-03-14 20:10:07,2026-03-14 20:10:07,
403,ef9d0bc2-d127-4b25-b8f9-7b06be689afe,PLU-WAT-0403,1100,,Plumbing,1100,Water Heater - 50gal Electric (per EA),IPC; IRC,Each,650.0000,1000.0000,35.00,material,,standard,direct,charleston_metro,1.0000,1.0000,1.0000,jobtread_csv,No,Yes,Yes,,,2026-03-14 20:10:07,2026-03-14 20:10:07,
404,e2536a90-93c1-4562-bd49-cb46a83926f3,PLU-WAT-0404,1100,,Plumbing,1100,Water Heater - 50gal Gas (per EA),IPC; IFGC,Each,750.0000,1200.0000,37.50,material,,standard,direct,charleston_metro,1.0000,1.0000,1.0000,jobtread_csv,No,Yes,Yes,,,2026-03-14 20:10:07,2026-03-14 20:10:07,
405,920ab991-88cb-452d-a0c3-ef0b9644522d,PLU-WAT-0405,1100,,Plumbing,1100,Water Heater - Heat Pump 50gal (per EA),IPC; Energy efficient coastal humidity,Each,1650.0000,2538.4600,35.00,material,,standard,direct,charleston_metro,1.0000,1.0000,1.0000,jobtread_csv,No,Yes,Yes,,,2026-03-14 20:10:07,2026-03-14 20:10:07,
406,9b33012a-ca65-4419-8aa0-714445734913,PLU-WAT-0406,1100,,Plumbing,1100,Water Supply Line - CPVC (per LF),IPC,Linear Feet,1.2000,3.7000,67.57,material,,standard,direct,charleston_metro,1.0000,1.0000,1.0000,jobtread_csv,No,Yes,Yes,,,2026-03-14 20:10:07,2026-03-14 20:10:07,
407,476f40ec-1409-4f27-8d28-ef02a72ff9f5,PLU-WAT-0407,1100,,Plumbing,1100,Water Supply Line - PEX (per LF),IPC,Linear Feet,0.8500,3.3500,74.63,material,,standard,direct,charleston_metro,1.0000,1.0000,1.0000,jobtread_csv,No,Yes,Yes,,,2026-03-14 20:10:08,2026-03-14 20:10:08,
408,db9f4740-01ec-44a0-ab0a-625c5139488d,PLU-WHO-0408,1100,,Plumbing,1100,Whole-House Water Filtration (per EA),IPC,Each,850.0000,1307.6900,35.00,material,,standard,direct,charleston_metro,1.0000,1.0000,1.0000,jobtread_csv,No,Yes,Yes,,,2026-03-14 20:10:08,2026-03-14 20:10:08,
409,b4808cd0-addd-41fc-8243-933da25cc1ab,ROO-ARC-0409,900,,Roofing,900,Architectural Shingles - 30yr (per SQ),IRC R905.2; 1 SQ=100 SF; Algae-resistant required coastal,Squares,115.0000,200.0000,42.50,material,,standard,direct,charleston_metro,1.0000,1.0000,1.0000,jobtread_csv,No,Yes,Yes,,,2026-03-14 20:10:08,2026-03-14 20:10:08,
410,99a811b4-6851-4081-81f1-6c8ccc01dd4d,ROO-ARC-0410,900,,Roofing,900,Architectural Shingles - 50yr Premium (per SQ),IRC R905.2; Class 4 impact-resistant insurance discounts SC,Squares,165.0000,253.8500,35.00,material,,standard,direct,charleston_metro,1.0000,1.0000,1.0000,jobtread_csv,No,Yes,Yes,,,2026-03-14 20:10:08,2026-03-14 20:10:08,
411,667127c7-d235-4e96-9e83-d3a9ed00baf6,ROO-ARC-0411,900,,Roofing,900,Architectural Shingles - FORTIFIED Rated (per SQ),IBHS FORTIFIED; 6-nail pattern; Enhanced starter/hip-ridge,Squares,195.0000,300.0000,35.00,material,,standard,direct,charleston_metro,1.0000,1.0000,1.0000,jobtread_csv,No,Yes,Yes,,,2026-03-14 20:10:08,2026-03-14 20:10:08,
412,c3692e91-87ce-433d-8035-c2ae3e843f72,ROO-DOW-0412,900,,Roofing,900,"""Downspout - Aluminum 3""""x4"""" (per LF)""",IRC R903.4; Extend 6ft from foundation min,Linear Feet,3.5000,6.0000,41.67,material,,standard,direct,charleston_metro,1.0000,1.0000,1.0000,jobtread_csv,No,Yes,Yes,,,2026-03-14 20:10:08,2026-03-14 20:10:08,
413,bd5eb02a-6f4d-4f99-a0d9-8d21ca4774bf,ROO-DRI-0413,900,,Roofing,900,Drip Edge - Aluminum (per LF),IRC R905.2.8.5; Required all eaves/rakes,Linear Feet,1.2000,2.0000,40.00,material,,standard,direct,charleston_metro,1.0000,1.0000,1.0000,jobtread_csv,No,Yes,Yes,,,2026-03-14 20:10:08,2026-03-14 20:10:08,
414,d17a9c4b-8a28-40f5-b5df-0272393ad1ab,ROO-DRI-0414,900,,Roofing,900,Drip Edge - Enhanced FORTIFIED (per LF),IBHS FORTIFIED; D-style enhanced water resistance,Linear Feet,2.8500,4.5000,36.67,material,,standard,direct,charleston_metro,1.0000,1.0000,1.0000,jobtread_csv,No,Yes,Yes,,,2026-03-14 20:10:08,2026-03-14 20:10:08,
415,8c07a866-d017-4573-bfbe-dc10b446b43c,ROO-GUT-0415,900,,Roofing,900,"""Gutter - Aluminum 5"""" K-Style (per LF)""",IRC R903.4; Seamless preferred; SS hangers coastal,Linear Feet,4.5000,8.0000,43.75,material,,standard,direct,charleston_metro,1.0000,1.0000,1.0000,jobtread_csv,No,Yes,Yes,,,2026-03-14 20:10:08,2026-03-14 20:10:08,
416,4328504b-b89e-4c30-957b-5dda25ee0d26,ROO-GUT-0416,900,,Roofing,900,"""Gutter - Aluminum 6"""" K-Style (per LF)""",IRC R903.4; Larger capacity for coastal rains,Linear Feet,5.5000,9.5000,42.11,material,,standard,direct,charleston_metro,1.0000,1.0000,1.0000,jobtread_csv,No,Yes,Yes,,,2026-03-14 20:10:08,2026-03-14 20:10:08,
417,33d88a54-f4e2-4c2f-aca8-7057701e7f04,ROO-GUT-0417,900,,Roofing,900,"""Gutter - Copper 5"""" (per LF)""",IRC R903.4; Excellent corrosion resistance coastal,Linear Feet,18.0000,27.6900,34.99,material,,standard,direct,charleston_metro,1.0000,1.0000,1.0000,jobtread_csv,No,Yes,Yes,,,2026-03-14 20:10:08,2026-03-14 20:10:08,
418,b6044cd6-0f2e-4c44-82f3-4e88f36ea7b2,ROO-GUT-0418,900,,Roofing,900,Gutter Guard / Leaf Protection (per LF),NAHB Standards; Recommended tree-heavy coastal,Linear Feet,8.5000,13.0800,35.02,material,,standard,direct,charleston_metro,1.0000,1.0000,1.0000,jobtread_csv,No,Yes,Yes,,,2026-03-14 20:10:08,2026-03-14 20:10:08,
419,09598f0d-2467-401f-95db-282513bd1c11,ROO-GUT-0419,900,,Roofing,900,Gutter Hangers - SS316 (per EA),Required within 3000ft saltwater longevity,Each,2.8500,4.5000,36.67,material,,standard,direct,charleston_metro,1.0000,1.0000,1.0000,jobtread_csv,No,Yes,Yes,,,2026-03-14 20:10:08,2026-03-14 20:10:08,
420,21951549-4276-4833-a054-f06a22b89e54,ROO-HIP-0420,900,,Roofing,900,Hip & Ridge - Metal (per LF),IRC R905.10,Linear Feet,8.5000,13.0800,35.02,material,,standard,direct,charleston_metro,1.0000,1.0000,1.0000,jobtread_csv,No,Yes,Yes,,,2026-03-14 20:10:08,2026-03-14 20:10:08,
421,4b83381a-0feb-49f8-b248-7e6416d53ff6,ROO-ICE-0421,900,,Roofing,900,Ice & Water Shield - Eaves (per LF),IRC R905.1.2; Required eaves 24in inside exterior wall,Linear Feet,2.5000,4.0000,37.50,material,,standard,direct,charleston_metro,1.0000,1.0000,1.0000,jobtread_csv,No,Yes,Yes,,,2026-03-14 20:10:08,2026-03-14 20:10:08,
422,145d2074-889b-46ae-a8ce-78dcda04373d,ROO-ICE-0422,900,,Roofing,900,Ice & Water Shield - Full Roof (per SF),IRC R905.1.2; Recommended high wind-driven rain,Square Feet,1.8500,2.8500,35.09,material,,standard,direct,charleston_metro,1.0000,1.0000,1.0000,jobtread_csv,No,Yes,Yes,,,2026-03-14 20:10:08,2026-03-14 20:10:08,
423,1ec3c336-13c0-4873-b0f3-f95c368c4786,ROO-MET-0423,900,,Roofing,900,Metal Roofing - Aluminum Standing Seam (per SF),IRC R905.10; PREFERRED salt-air coastal IOP Sullivan's Kiawah,Square Feet,8.5000,14.0000,39.29,material,,standard,direct,charleston_metro,1.0000,1.0000,1.0000,jobtread_csv,No,Yes,Yes,,,2026-03-14 20:10:08,2026-03-14 20:10:08,
424,fbd6e4f6-8358-4b0e-bc14-12abd546f995,ROO-MET-0424,900,,Roofing,900,Metal Roofing - Exposed Fastener Panel (per SF),IRC R905.10,Square Feet,4.5000,8.0000,43.75,material,,standard,direct,charleston_metro,1.0000,1.0000,1.0000,jobtread_csv,No,Yes,Yes,,,2026-03-14 20:10:08,2026-03-14 20:10:08,
425,6d2db9aa-47e3-4d44-ae20-ab57c2217669,ROO-MET-0425,900,,Roofing,900,Metal Roofing - Standing Seam (per SF),IRC R905.10; 130+ mph wind rating; Excellent coastal durability,Square Feet,6.5000,12.0000,45.83,material,,standard,direct,charleston_metro,1.0000,1.0000,1.0000,jobtread_csv,No,Yes,Yes,,,2026-03-14 20:10:08,2026-03-14 20:10:08,
426,b1b93a88-4690-4a33-a97e-2324ef13b26c,ROO-MET-0426,900,,Roofing,900,Metal Roofing - Standing Seam Galvalume (per SF),IRC R905.10; Galvalume coating superior corrosion resistance,Square Feet,7.5000,13.5000,44.44,material,,standard,direct,charleston_metro,1.0000,1.0000,1.0000,jobtread_csv,No,Yes,Yes,,,2026-03-14 20:10:08,2026-03-14 20:10:08,
427,72f8a4bc-40a7-4fe1-9ef7-300a821e8c6d,ROO-PIP-0427,900,,Roofing,900,Pipe Boots / Roof Penetration Flashing (per EA),IRC R903.2,Each,18.0000,43.0000,58.14,material,,standard,direct,charleston_metro,1.0000,1.0000,1.0000,jobtread_csv,No,Yes,Yes,,,2026-03-14 20:10:08,2026-03-14 20:10:08,
428,10e5570a-8f96-4f1d-a9e6-3faeef150018,ROO-RID-0428,900,,Roofing,900,Ridge Cap Shingles (per LF),IRC R905.2.8,Linear Feet,4.5000,7.0000,35.71,material,,standard,direct,charleston_metro,1.0000,1.0000,1.0000,jobtread_csv,No,Yes,Yes,,,2026-03-14 20:10:08,2026-03-14 20:10:08,
429,d519022f-0044-4a45-987e-3db15575156c,ROO-RID-0429,900,,Roofing,900,Ridge Vent - Enhanced Seal FORTIFIED (per LF),IBHS FORTIFIED; Wind-driven rain resistant,Linear Feet,8.5000,14.0000,39.29,material,,standard,direct,charleston_metro,1.0000,1.0000,1.0000,jobtread_csv,No,Yes,Yes,,,2026-03-14 20:10:08,2026-03-14 20:10:08,
430,60f7fecd-3d47-43ee-9bce-de57fe02a8b8,ROO-ROO-0430,900,,Roofing,900,Roof Deck Adhesive - Two-Part Foam (per SQ),IBHS FORTIFIED; Doubles uplift resistance,Squares,35.0000,55.0000,36.36,material,,standard,direct,charleston_metro,1.0000,1.0000,1.0000,jobtread_csv,No,Yes,Yes,,,2026-03-14 20:10:08,2026-03-14 20:10:08,
431,8197e53c-07f6-43ea-be77-3f792fc57ad9,ROO-ROO-0431,900,,Roofing,900,"""Roof Deck Replacement - OSB 5/8"""" (per SF)""",IRC R803,Square Feet,1.2000,2.7000,55.56,material,,standard,direct,charleston_metro,1.0000,1.0000,1.0000,jobtread_csv,No,Yes,Yes,,,2026-03-14 20:10:08,2026-03-14 20:10:08,
432,d9b10fe6-1e77-42ae-aadf-f44b9aed20e6,ROO-ROO-0432,900,,Roofing,900,Roof Flashing - Chimney (per EA),IRC R903.2,Each,185.0000,350.0000,47.14,material,,standard,direct,charleston_metro,1.0000,1.0000,1.0000,jobtread_csv,No,Yes,Yes,,,2026-03-14 20:10:08,2026-03-14 20:10:08,
433,4dcab32e-a063-40d3-823b-cb71a1f0809f,ROO-ROO-0433,900,,Roofing,900,Roof Flashing - Step (per LF),IRC R903.2; SS preferred coastal,Linear Feet,3.5000,7.0000,50.00,material,,standard,direct,charleston_metro,1.0000,1.0000,1.0000,jobtread_csv,No,Yes,Yes,,,2026-03-14 20:10:08,2026-03-14 20:10:08,
434,06b28dfa-1447-47d7-b4f4-df8edf985631,ROO-ROO-0434,900,,Roofing,900,Roof Flashing - Step SS316 (per LF),IRC R903.2; Required within 3000ft saltwater,Linear Feet,8.5000,14.0000,39.29,material,,standard,direct,charleston_metro,1.0000,1.0000,1.0000,jobtread_csv,No,Yes,Yes,,,2026-03-14 20:10:08,2026-03-14 20:10:08,
435,edd25946-8d0b-497b-a1f3-4cbc48abc004,ROO-ROO-0435,900,,Roofing,900,Roof Flashing - Valley (per LF),IRC R903.2,Linear Feet,4.5000,8.0000,43.75,material,,standard,direct,charleston_metro,1.0000,1.0000,1.0000,jobtread_csv,No,Yes,Yes,,,2026-03-14 20:10:08,2026-03-14 20:10:08,
436,68e88979-2367-48f6-8b8d-14f923c61fae,ROO-ROO-0436,900,,Roofing,900,"""Roof Sheathing - Ring Shank Nails 4"""" OC (per SQ)""",IRC R803; WFCM High-wind nailing schedule,Squares,12.0000,22.0000,45.45,material,,standard,direct,charleston_metro,1.0000,1.0000,1.0000,jobtread_csv,No,Yes,Yes,,,2026-03-14 20:10:08,2026-03-14 20:10:08,
437,2eb8d14d-cd4a-42ed-87a7-6b2b22478f33,ROO-ROO-0437,900,,Roofing,900,Roof Underlayment - Self-Adhering Full Roof (per SQ),IRC R905.1; FORTIFIED standard; Maximum protection,Squares,65.0000,100.0000,35.00,material,,standard,direct,charleston_metro,1.0000,1.0000,1.0000,jobtread_csv,No,Yes,Yes,,,2026-03-14 20:10:08,2026-03-14 20:10:08,
438,eb07366e-a1cc-457b-8b60-9dd67d1b83e1,ROO-ROO-0438,900,,Roofing,900,Roof Underlayment - Synthetic (per SQ),IRC R905.1; Superior to #15 felt coastal,Squares,18.0000,30.0000,40.00,material,,standard,direct,charleston_metro,1.0000,1.0000,1.0000,jobtread_csv,No,Yes,Yes,,,2026-03-14 20:10:08,2026-03-14 20:10:08,
439,2729b742-7db7-4fdb-8aee-6b68cccdaa3a,ROO-ROO-0439,900,,Roofing,900,Roof Ventilation - Power Attic Vent (per EA),IRC R806,Each,185.0000,310.0000,40.32,material,,standard,direct,charleston_metro,1.0000,1.0000,1.0000,jobtread_csv,No,Yes,Yes,,,2026-03-14 20:10:08,2026-03-14 20:10:08,
440,f05d0e23-3502-4e88-bd92-ddd69b0b72f9,ROO-ROO-0440,900,,Roofing,900,Roof Ventilation - Ridge Vent (per LF),IRC R806; 1 SF net free per 150 SF attic,Linear Feet,4.5000,8.0000,43.75,material,,standard,direct,charleston_metro,1.0000,1.0000,1.0000,jobtread_csv,No,Yes,Yes,,,2026-03-14 20:10:08,2026-03-14 20:10:08,
441,1e84558c-822e-46b8-a119-4411c8176b90,ROO-ROO-0441,900,,Roofing,900,Roof Ventilation - Soffit Vent (per LF),IRC R806,Linear Feet,3.5000,6.0000,41.67,material,,standard,direct,charleston_metro,1.0000,1.0000,1.0000,jobtread_csv,No,Yes,Yes,,,2026-03-14 20:10:08,2026-03-14 20:10:08,
442,3edb6917-7b7b-4fbd-b163-8495b3b8bf22,ROO-SOL-0442,900,,Roofing,900,Solar Panel Roof Penetrations & Flashing (per EA),NEC 690; IRC R903; Coordinate with solar installer,Each,85.0000,150.0000,43.33,material,,standard,direct,charleston_metro,1.0000,1.0000,1.0000,jobtread_csv,No,Yes,Yes,,,2026-03-14 20:10:08,2026-03-14 20:10:08,
443,1b066ff2-b109-4e8c-ab79-bc3e15b7ced1,ROO-SYN-0443,900,,Roofing,900,Synthetic Slate Roofing (per SF),IRC R905.6,Square Feet,9.5000,15.5000,38.71,material,,standard,direct,charleston_metro,1.0000,1.0000,1.0000,jobtread_csv,No,Yes,Yes,,,2026-03-14 20:10:08,2026-03-14 20:10:08,
444,881b223c-dc7d-435d-a89e-4b7e0a0ff255,ROO-TIL-0444,900,,Roofing,900,Tile Roofing - Clay (per SF),IRC R905.3; Premium coastal aesthetic,Square Feet,9.0000,16.0000,43.75,material,,standard,direct,charleston_metro,1.0000,1.0000,1.0000,jobtread_csv,No,Yes,Yes,,,2026-03-14 20:10:08,2026-03-14 20:10:08,
445,62519a11-ca1f-430a-98c8-8f29ac21826f,ROO-TIL-0445,900,,Roofing,900,Tile Roofing - Concrete (per SF),IRC R905.3; Heavy - requires engineered framing,Square Feet,5.5000,12.0000,54.17,material,,standard,direct,charleston_metro,1.0000,1.0000,1.0000,jobtread_csv,No,Yes,Yes,,,2026-03-14 20:10:08,2026-03-14 20:10:08,
446,5caa27e3-f779-459c-8d0e-c58870958a1e,SIT-BUL-0446,400,,Site Work & Excavation,400,Bulkhead Installation - Vinyl (per LF),OCRM Permit; Army Corps 404 Permit; FEMA compliance,Linear Feet,185.0000,350.0000,47.14,material,,standard,direct,charleston_metro,1.0000,1.0000,1.0000,jobtread_csv,No,Yes,Yes,,,2026-03-14 20:10:08,2026-03-14 20:10:08,
447,b2b6d895-594b-435c-9c93-a4cee6b6be0e,SIT-DOC-0447,400,,Site Work & Excavation,400,Dock Repair/Replacement (per SF),OCRM Permit; Local Zoning; Setback requirements,Square Feet,35.0000,75.0000,53.33,material,,standard,direct,charleston_metro,1.0000,1.0000,1.0000,jobtread_csv,No,Yes,Yes,,,2026-03-14 20:10:08,2026-03-14 20:10:08,
448,d3dc25cc-67ba-4d33-ba34-24abbc4de8db,SIT-DRI-0448,400,,Site Work & Excavation,400,"""Driveway - Asphalt (per LF, 10ft wide)""",Local Driveway Permit,Linear Feet,35.0000,55.0000,36.36,material,,standard,direct,charleston_metro,1.0000,1.0000,1.0000,jobtread_csv,No,Yes,Yes,,,2026-03-14 20:10:08,2026-03-14 20:10:08,
449,b460823e-1aa5-450c-8ee5-afa6bfb4e983,SIT-DRI-0449,400,,Site Work & Excavation,400,"""Driveway - Concrete (per LF, 10ft wide)""",Local Driveway Permit; Apron must meet standards,Linear Feet,45.0000,70.0000,35.71,material,,standard,direct,charleston_metro,1.0000,1.0000,1.0000,jobtread_csv,No,Yes,Yes,,,2026-03-14 20:10:08,2026-03-14 20:10:08,
450,130af4b6-3d66-427e-954d-89b364e1bf4c,SIT-DRI-0450,400,,Site Work & Excavation,400,Driveway - Gravel / Crushed Stone (per LF),"""Local Ordinance; Common rural Johns Island, Summerville""",Linear Feet,18.0000,27.6900,34.99,material,,standard,direct,charleston_metro,1.0000,1.0000,1.0000,jobtread_csv,No,Yes,Yes,,,2026-03-14 20:10:08,2026-03-14 20:10:08,
451,1533a357-715b-4020-bdfb-39d870522fd2,SIT-DRI-0451,400,,Site Work & Excavation,400,Driveway - Pervious Pavers (per SF),SC DHEC Stormwater; Credit for stormwater management,Square Feet,12.0000,22.0000,45.45,material,,standard,direct,charleston_metro,1.0000,1.0000,1.0000,jobtread_csv,No,Yes,Yes,,,2026-03-14 20:10:08,2026-03-14 20:10:08,
452,6c5aaf29-a2b3-4f85-908a-8451d6f45c01,SIT-FIL-0452,400,,Site Work & Excavation,400,Fill Dirt - Delivery & Compaction (per CY),IRC R401.4; Geotech Report; Compaction test required,Each,28.0000,46.0000,39.13,material,,standard,direct,charleston_metro,1.0000,1.0000,1.0000,jobtread_csv,No,Yes,Yes,,,2026-03-14 20:10:08,2026-03-14 20:10:08,
453,4cf9ca3e-c6aa-4b54-9d55-a936fbb13d0c,SIT-FRE-0453,400,,Site Work & Excavation,400,French Drain / Drainage System (per LF),IRC R405; Critical low-lying coastal areas,Linear Feet,12.0000,22.0000,45.45,material,,standard,direct,charleston_metro,1.0000,1.0000,1.0000,jobtread_csv,No,Yes,Yes,,,2026-03-14 20:10:08,2026-03-14 20:10:08,
454,94c3b291-0d60-4e0d-ba43-bde4f05e70f6,SIT-RET-0454,400,,Site Work & Excavation,400,"""Retaining Wall - Concrete Block (per LF, 4ft high)""",IRC R404; Local Grading; Engineering >4ft,Linear Feet,85.0000,150.0000,43.33,material,,standard,direct,charleston_metro,1.0000,1.0000,1.0000,jobtread_csv,No,Yes,Yes,,,2026-03-14 20:10:09,2026-03-14 20:10:09,
455,9a35c99b-df7b-4d1b-bf4f-c718da10bbc4,SIT-SEA-0455,400,,Site Work & Excavation,400,Seawall Repair - Minor (per LF),OCRM Permit; Critical Area Permit may apply,Linear Feet,85.0000,165.0000,48.48,material,,standard,direct,charleston_metro,1.0000,1.0000,1.0000,jobtread_csv,No,Yes,Yes,,,2026-03-14 20:10:09,2026-03-14 20:10:09,
456,876dbe41-42b7-48fb-93b2-a11f352d6642,SIT-SEP-0456,400,,Site Work & Excavation,400,Septic System - Advanced Treatment (OCRM areas),SC DHEC; OCRM; Required within 1000ft tidal waters,Each,15000.0000,23076.9200,35.00,material,,standard,direct,charleston_metro,1.0000,1.0000,1.0000,jobtread_csv,No,Yes,Yes,,,2026-03-14 20:10:09,2026-03-14 20:10:09,
457,e844a90a-54e7-4c6a-ab6e-1f1e1d9dc87c,SIT-SEP-0457,400,,Site Work & Excavation,400,Septic System - Conventional (3BR),SC DHEC Septic Permit; Not available barrier islands,Each,8500.0000,13076.9200,35.00,material,,standard,direct,charleston_metro,1.0000,1.0000,1.0000,jobtread_csv,No,Yes,Yes,,,2026-03-14 20:10:09,2026-03-14 20:10:09,
458,ea2303bc-dbf9-4353-ae75-ca2170030f50,SIT-SID-0458,400,,Site Work & Excavation,400,"""Sidewalk - Concrete (per LF, 4ft wide)""",ADA; Local Sidewalk Ordinance,Linear Feet,28.0000,43.0800,35.00,material,,standard,direct,charleston_metro,1.0000,1.0000,1.0000,jobtread_csv,No,Yes,Yes,,,2026-03-14 20:10:09,2026-03-14 20:10:09,
